Name,ID,In FM3.1,In FM3.2,Ave Dip,Upper Seis Depth,Lower Seis Depth,Trace Length,"Trace Locations (Lat, Lon)â€¦",,,,,,,,,,,,,,,,,,,,,,,,,,,,,,,,,,,,,,,,,,,,,,,,,,,,,,,,,,,,,,,,,,,,,,,,,
Airport Lake,861,1,1,50,0.0,13.0,47.2,35.74054,-117.74953,35.81665,-117.76492,35.91292,-117.78146,35.99371,-117.763869999999,36.03181,-117.76424,36.04371,-117.77171,36.06619,-117.76181,36.09006,-117.76664,36.15812,-117.75441,,,,,,,,,,,,,,,,,,,,,,,,,,,,,,,,,,,,,,,,,,,,,,,,,,,,,,,,
Almanor 2011 CFM,667,1,1,90,0.0,10.0,34.6,40.49096,-121.254839999999,40.38504,-121.23453,40.28852,-121.15994,40.24237,-121.15368,40.201,-121.129,,,,,,,,,,,,,,,,,,,,,,,,,,,,,,,,,,,,,,,,,,,,,,,,,,,,,,,,,,,,,,,,
Anacapa-Dume alt 1,219,1,0,45,0.0,15.5,50.9,33.9832,-118.695,33.9731,-118.743,33.9581,-118.819,33.9474,-118.935,33.9698,-119.02,33.9748,-119.145,33.9388,-119.228,,,,,,,,,,,,,,,,,,,,,,,,,,,,,,,,,,,,,,,,,,,,,,,,,,,,,,,,,,,,
Anaheim,197,1,1,71,3.8,14.2,15.7,33.777897,-117.945452,33.805927,-117.980239,33.843286,-118.026655999999,33.878267,-118.065269,,,,,,,,,,,,,,,,,,,,,,,,,,,,,,,,,,,,,,,,,,,,,,,,,,,,,,,,,,,,,,,,,,
Antelope Valley 2011,722,1,1,50,0.0,13.0,44.7,38.46982,-119.47382,38.50131,-119.47398,38.54691,-119.50298,38.57771,-119.51598,38.58288,-119.527339999999,38.59551,-119.52199,38.62432,-119.52998,38.64584,-119.528969999999,38.66941,-119.54598,38.71518,-119.55594,38.7361,-119.56947,38.78094,-119.585989999999,38.79291,-119.59695,38.80887,-119.60065,38.84211,-119.62408,,,,,,,,,,,,,,,,,,,,,,,,,,,,,,,,,,,,,,,,,,,,
Ash Hill,845,1,1,90,0.0,13.0,49.2,36.3944,-117.4596,36.33586,-117.4394,36.31278,-117.42684,36.28315,-117.41991,36.25367,-117.4191,36.229,-117.40568,36.16482,-117.37966,36.10473,-117.34282,36.05056,-117.330189999999,35.97651,-117.29209,,,,,,,,,,,,,,,,,,,,,,,,,,,,,,,,,,,,,,,,,,,,,,,,,,,,,,
Baker,881,1,1,90,0.0,13.0,87.7,34.92186,-115.92044,35.20719,-116.10782,35.3277,-116.19899,35.51841,-116.25315,35.56638,-116.315269999999,35.58964,-116.37981,,,,,,,,,,,,,,,,,,,,,,,,,,,,,,,,,,,,,,,,,,,,,,,,,,,,,,,,,,,,,,
Bartlett Springs 2011 CFM,668,1,1,90,0.0,14.5,163.9,38.99726,-122.49936,39.08996,-122.59732,39.15179,-122.65323,39.21585,-122.75552,39.35009,-122.86929,39.39771,-122.91976,39.4664,-122.95553,39.58348,-123.04565,39.65001,-123.12053,39.70329,-123.2182,39.74837,-123.27021,39.80548,-123.287619999999,39.90005,-123.338919999999,39.96296,-123.39605,40.0303,-123.438039999999,40.07723,-123.42427,40.17096,-123.44954,40.20732,-123.49065,,,,,,,,,,,,,,,,,,,,,,,,,,,,,,,,,,,,,,
Battle Creek 2011 CFM,669,1,1,74,0.0,19.7,69.4,40.21614,-122.59818,40.26063,-122.52196,40.28735,-122.4672,40.31957,-122.39473,40.34599,-122.32905,40.38887,-122.20173,40.46515,-121.8548,,,,,,,,,,,,,,,,,,,,,,,,,,,,,,,,,,,,,,,,,,,,,,,,,,,,,,,,,,,,
Bear River fault zone,842,1,1,60,0.0,10.0,59.1,40.34101,-124.12133,40.43662,-124.21092,40.45894,-124.39597,40.52401,-124.55808,40.59973,-124.70078,,,,,,,,,,,,,,,,,,,,,,,,,,,,,,,,,,,,,,,,,,,,,,,,,,,,,,,,,,,,,,,,
Bennett Valley 2011 CFM,581,1,1,90,0.0,10.0,33.1,38.22547,-122.46963,38.29239,-122.53673,38.37576,-122.59186,38.43466,-122.64652,38.48029,-122.65549,,,,,,,,,,,,,,,,,,,,,,,,,,,,,,,,,,,,,,,,,,,,,,,,,,,,,,,,,,,,,,,,
Bicycle Lake,158,1,1,90,0.0,12.3,20.1,35.28026,-116.66601,35.270586,-116.612794,35.228519,-116.506884,35.227598,-116.457684999999,,,,,,,,,,,,,,,,,,,,,,,,,,,,,,,,,,,,,,,,,,,,,,,,,,,,,,,,,,,,,,,,,,
Big Lagoon - Bald Mtn 2011 CFM,741,1,1,35,0.0,13.0,196.8,40.76243,-123.82235,40.85097,-123.82343,40.93321,-123.854,40.99904,-123.941109999999,41.10284,-124.01005,41.14365,-124.07822,41.22261,-124.14108,41.34851,-124.215019999999,41.40357,-124.24503,41.46798,-124.27341,41.55917,-124.35793,41.65595,-124.42645,41.89812,-124.46381,41.9464,-124.51038,41.99637,-124.59484,42.05122,-124.64301,42.14403,-124.67847,42.25195,-124.70946,42.33455,-124.74921,,,,,,,,,,,,,,,,,,,,,,,,,,,,,,,,,,,,
Big Pine (Central),192,1,1,76,0.0,6.6,22.9,34.667885,-119.356571,34.687405,-119.296537,34.70893,-119.259664,34.723146,-119.214746,34.710147,-119.124053,,,,,,,,,,,,,,,,,,,,,,,,,,,,,,,,,,,,,,,,,,,,,,,,,,,,,,,,,,,,,,,,
Big Pine (East),191,1,1,73,0.0,14.3,23.5,34.819712,-119.005598,34.787833,-119.049737,34.734744,-119.180939,34.744452,-119.231912,,,,,,,,,,,,,,,,,,,,,,,,,,,,,,,,,,,,,,,,,,,,,,,,,,,,,,,,,,,,,,,,,,
Big Pine (West),200,1,1,50,0.0,11.0,18.1,34.665129,-119.427048,34.67289,-119.518614999999,34.669032,-119.564294,34.670117,-119.624107,,,,,,,,,,,,,,,,,,,,,,,,,,,,,,,,,,,,,,,,,,,,,,,,,,,,,,,,,,,,,,,,,,
Blackwater,87,1,1,90,0.0,12.1,63.3,35.00138,-116.99329,35.1058,-117.128,35.2274,-117.214,35.3663,-117.313,35.4494,-117.413,,,,,,,,,,,,,,,,,,,,,,,,,,,,,,,,,,,,,,,,,,,,,,,,,,,,,,,,,,,,,,,,
Blue Cut,169,1,1,90,0.0,13.1,79.3,33.905735,-116.265808,33.899764,-116.109228,33.912919,-116.009501,33.908754,-115.940647,33.911357,-115.831339,33.919631,-115.67349,33.929766,-115.563083999999,33.940892,-115.409436,,,,,,,,,,,,,,,,,,,,,,,,,,,,,,,,,,,,,,,,,,,,,,,,,,,,,,,,,,
Brawley (Seismic Zone) alt 1,170,1,0,90,0.0,13.2,59.9,33.402014,-115.777449999999,32.897084,-115.553226,,,,,,,,,,,,,,,,,,,,,,,,,,,,,,,,,,,,,,,,,,,,,,,,,,,,,,,,,,,,,,,,,,,,,,
Breckenridge 2011,541,1,1,60,0.0,14.6,10.9,35.372,-118.5609,35.4037,-118.5483,35.439,-118.5454,35.4686,-118.5457,,,,,,,,,,,,,,,,,,,,,,,,,,,,,,,,,,,,,,,,,,,,,,,,,,,,,,,,,,,,,,,,,,
Bullion Mountains,882,1,1,90,0.0,13.0,38.0,34.30545,-115.99739,34.34793,-116.031579999999,34.38156,-116.03929,34.41721,-116.05971,34.43961,-116.10462,34.48311,-116.15165,34.51416,-116.20348,34.56052,-116.25405,,,,,,,,,,,,,,,,,,,,,,,,,,,,,,,,,,,,,,,,,,,,,,,,,,,,,,,,,,
Burnt Mtn,94,1,1,67,0.0,15.9,21.1,34.122116,-116.411983,34.093584,-116.410079,34.060684,-116.412727,34.034956,-116.399837,34.013122,-116.39545,33.989177,-116.395506,33.934795,-116.390507,,,,,,,,,,,,,,,,,,,,,,,,,,,,,,,,,,,,,,,,,,,,,,,,,,,,,,,,,,,,
Butano 2011 CFM,561,1,1,70,0.0,12.0,46.2,37.121111,-121.928086,37.144104,-121.99243,37.197708,-122.081102,37.215362,-122.175829,37.272789,-122.272726,37.307124,-122.386786,,,,,,,,,,,,,,,,,,,,,,,,,,,,,,,,,,,,,,,,,,,,,,,,,,,,,,,,,,,,,,
Cady,165,1,1,90,0.0,13.9,31.9,34.9317,-116.65687,34.905512,-116.575637,34.893413,-116.47274,34.899412,-116.369842,34.89754,-116.31419,,,,,,,,,,,,,,,,,,,,,,,,,,,,,,,,,,,,,,,,,,,,,,,,,,,,,,,,,,,,,,,,
Calaveras (Central) 2011 CFM,602,1,1,77,0.0,11.0,52.2,37.056886,-121.517416,37.132357,-121.559982,37.174063,-121.605023,37.252051,-121.670235,37.300266,-121.685507,37.389695,-121.770870999999,37.456685,-121.816351,,,,,,,,,,,,,,,,,,,,,,,,,,,,,,,,,,,,,,,,,,,,,,,,,,,,,,,,,,,,
Calaveras (No) 2011 CFM,601,1,1,80,0.0,14.0,47.8,37.84409,-122.04275,37.755476,-121.96061,37.692653,-121.932865,37.619946,-121.890049999999,37.510254,-121.834632,37.456685,-121.816351,,,,,,,,,,,,,,,,,,,,,,,,,,,,,,,,,,,,,,,,,,,,,,,,,,,,,,,,,,,,,,
Calaveras (So) - Paicines extension 2011 CFM,621,1,1,77,0.0,13.0,59.6,36.83948,-121.3961,36.78515,-121.35454,36.73871,-121.29544,36.68274,-121.24458,36.578,-121.128769999999,36.52241,-121.06315,36.42583,-120.97386,,,,,,,,,,,,,,,,,,,,,,,,,,,,,,,,,,,,,,,,,,,,,,,,,,,,,,,,,,,,
Calaveras (So) 2011 CFM,603,1,1,85,0.0,9.5,26.4,36.839484,-121.396128999999,36.893924,-121.422021,36.966406,-121.457371,37.056086,-121.517416,,,,,,,,,,,,,,,,,,,,,,,,,,,,,,,,,,,,,,,,,,,,,,,,,,,,,,,,,,,,,,,,,,
Calico-Hidalgo,88,1,1,90,0.0,13.9,118.2,34.1726,-116.153,34.2872,-116.222,34.361,-116.264,34.4768,-116.342,34.5847,-116.458,34.6353,-116.495,34.6744,-116.529,34.7191,-116.561,34.7524,-116.596,34.8568,-116.688999999999,34.9242,-116.795,34.9388,-116.837,34.999439,-116.9293,,,,,,,,,,,,,,,,,,,,,,,,,,,,,,,,,,,,,,,,,,,,,,,,
Camp Rock 2011,724,1,1,90,0.0,15.1,45.2,34.5823,-116.5782,34.6475,-116.674,34.6994,-116.734,34.7525,-116.808,34.7831,-116.857,34.8312,-116.884,34.8715,-116.917,,,,,,,,,,,,,,,,,,,,,,,,,,,,,,,,,,,,,,,,,,,,,,,,,,,,,,,,,,,,
Canada David (Detachment),173,1,1,37,0.0,15.3,37.2,32.315722,-115.418692,32.278401,-115.468101,32.241551,-115.475178999999,32.204041,-115.468761,32.135308,-115.360814,32.09116,-115.343427999999,32.050083,-115.331862999999,,,,,,,,,,,,,,,,,,,,,,,,,,,,,,,,,,,,,,,,,,,,,,,,,,,,,,,,,,,,
Carlsbad,176,1,1,37,1.6,7.3,32.7,32.834115,-117.473154,32.947119,-117.443214999999,33.012177,-117.44774,33.049849,-117.487824,33.053418,-117.56253,,,,,,,,,,,,,,,,,,,,,,,,,,,,,,,,,,,,,,,,,,,,,,,,,,,,,,,,,,,,,,,,
Carson Range (Genoa),721,1,1,50,0.0,13.0,53.2,38.6687074077,-119.808992672,38.7825023065,-119.818996439,38.81354,-119.79866,38.8572042469,-119.801999025,38.8855994125,-119.83699644,38.8998281369,-119.84499986,38.9119549364,-119.84049791,38.9313825743,-119.848059355,38.9541912752,-119.837821354,38.971565929,-119.840956748,38.9811798877,-119.831625567,38.9897436644,-119.834395761,38.9956484918,-119.845512136999,39.0068482567,-119.848770459,39.0268290088,-119.84366656,39.0436938064,-119.831329514,39.0611454558,-119.844414074,39.0847660075,-119.846116405,39.0971017037,-119.855088893,39.1125014793,-119.856905097,,,,,,,,,,,,,,,,,,,,,,,,,,,,,,,,,,
Casmalia 2011 CFM,670,1,1,75,0.0,12.0,47.9,34.98364,-120.76132,34.95857,-120.69929,34.93003,-120.6089,34.86013,-120.49401,34.84395,-120.396769999999,34.75868,-120.34315,,,,,,,,,,,,,,,,,,,,,,,,,,,,,,,,,,,,,,,,,,,,,,,,,,,,,,,,,,,,,,
Cedar Mtn-Mahogany Mtn,34,1,1,60,0.0,9.5,77.8,41.525668,-121.901359,41.819858,-121.94468,41.945268,-121.963011,42.198573,-122.116304,,,,,,,,,,,,,,,,,,,,,,,,,,,,,,,,,,,,,,,,,,,,,,,,,,,,,,,,,,,,,,,,,,
Cerro Prieto,172,1,1,90,0.0,14.3,84.5,32.650793,-115.612139,32.467296,-115.376129,32.439508,-115.341379,32.405134,-115.286507999999,32.371519,-115.236572,32.314109,-115.160502,32.261723,-115.083805,32.209411,-115.007618999999,32.152218,-114.933083,,,,,,,,,,,,,,,,,,,,,,,,,,,,,,,,,,,,,,,,,,,,,,,,,,,,,,,,
Channel Islands Thrust,129,1,1,20,5.0,12.3,59.2,34.0258,-119.263,34.001,-119.361,33.9884,-119.465999999999,33.9866,-119.524999999999,33.9612,-119.633,33.9431,-119.68,33.9431,-119.757,33.9457,-119.815,33.9745,-119.882,,,,,,,,,,,,,,,,,,,,,,,,,,,,,,,,,,,,,,,,,,,,,,,,,,,,,,,,
Channel Islands Western Deep Ramp,214,1,1,21,4.8,12.5,62.1,34.288056,-120.006731,34.292796,-119.959364,34.271861,-119.859259,34.223444,-119.780974,34.192641,-119.743551,34.183034,-119.691446,34.158421,-119.584945,34.132412,-119.542094,34.100105,-119.454882,34.068775,-119.406559,,,,,,,,,,,,,,,,,,,,,,,,,,,,,,,,,,,,,,,,,,,,,,,,,,,,,,
Chino alt 1,238,1,0,50,0.0,9.0,24.4,34.0314,-117.745,33.9655,-117.708,33.9073,-117.648,33.8519,-117.597,,,,,,,,,,,,,,,,,,,,,,,,,,,,,,,,,,,,,,,,,,,,,,,,,,,,,,,,,,,,,,,,,,
Clamshell-Sawpit,124,1,1,50,0.0,14.0,16.1,34.24019,-117.84576,34.2218,-117.88438,34.21812,-117.92792,34.17766,-117.99902,,,,,,,,,,,,,,,,,,,,,,,,,,,,,,,,,,,,,,,,,,,,,,,,,,,,,,,,,,,,,,,,,,
Clayton,844,1,1,90,0.0,16.0,16.4,37.97647,-121.96186,37.91427,-121.8848,37.86098,-121.84729,,,,,,,,,,,,,,,,,,,,,,,,,,,,,,,,,,,,,,,,,,,,,,,,,,,,,,,,,,,,,,,,,,,,
Cleghorn,81,1,1,90,0.0,15.5,25.9,34.30754,-117.47254,34.28579,-117.38795,34.29428,-117.3455,34.2773,-117.31718,34.27447,-117.25774,34.28296,-117.20396,,,,,,,,,,,,,,,,,,,,,,,,,,,,,,,,,,,,,,,,,,,,,,,,,,,,,,,,,,,,,,
Cleghorn Lake,884,1,1,90,0.0,13.0,28.6,34.18407,-115.7345,34.22187,-115.7732,34.31538,-115.82039,34.37413,-115.845019999999,34.41086,-115.87576,,,,,,,,,,,,,,,,,,,,,,,,,,,,,,,,,,,,,,,,,,,,,,,,,,,,,,,,,,,,,,,,
Cleghorn Pass,883,1,1,90,0.0,13.0,20.1,34.2534,-115.85938,34.32668,-115.90117,34.38185,-115.95714,34.40879,-115.967219999999,,,,,,,,,,,,,,,,,,,,,,,,,,,,,,,,,,,,,,,,,,,,,,,,,,,,,,,,,,,,,,,,,,
Collayami 2011 CFM,582,1,1,90,0.0,10.0,34.8,38.940798,-122.847386999999,38.889872,-122.790517,38.803727,-122.704037,38.753656,-122.610363999999,38.726,-122.560189999999,,,,,,,,,,,,,,,,,,,,,,,,,,,,,,,,,,,,,,,,,,,,,,,,,,,,,,,,,,,,,,,,
Compton,184,1,1,20,5.2,15.6,64.8,33.681271,-118.06065,33.725707,-118.13114,33.742664,-118.178632,33.760373,-118.228044,33.782097,-118.269024,33.800599,-118.314705,33.818304,-118.359446999999,33.845903,-118.436549,33.872672,-118.502801999999,33.900583,-118.546856,33.934066,-118.586304,33.966184,-118.60775,34.000715,-118.625465,,,,,,,,,,,,,,,,,,,,,,,,,,,,,,,,,,,,,,,,,,,,,,,,
Concord 2011 CFM,622,1,1,90,0.0,15.0,18.2,38.04365,-122.089,37.9984,-122.05575,37.94444,-122.01334,37.89992,-121.99009,,,,,,,,,,,,,,,,,,,,,,,,,,,,,,,,,,,,,,,,,,,,,,,,,,,,,,,,,,,,,,,,,,
Contra Costa (Lafayette) 2011 CFM,626,1,1,90,0.0,14.6,8.4,37.85123,-122.093249999999,37.92495,-122.116569999999,,,,,,,,,,,,,,,,,,,,,,,,,,,,,,,,,,,,,,,,,,,,,,,,,,,,,,,,,,,,,,,,,,,,,,
Contra Costa Shear Zone (connector) 2011 CFM,633,1,0,81,0.0,12.9,30.0,38.15416,-122.24144,38.09911,-122.20071,37.99222,-122.14587,37.94731,-122.137009999999,37.9086,-122.10687,,,,,,,,,,,,,,,,,,,,,,,,,,,,,,,,,,,,,,,,,,,,,,,,,,,,,,,,,,,,,,,,
Coronado Bank alt1,776,1,0,90,0.0,8.6,129.2,32.88249,-117.53117,32.8655,-117.52,32.8085,-117.507,32.7524,-117.466999999999,32.7235,-117.433,32.6786,-117.413,32.6238,-117.344,32.594,-117.315,32.5519,-117.298,32.4949,-117.266,31.89,-116.84,,,,,,,,,,,,,,,,,,,,,,,,,,,,,,,,,,,,,,,,,,,,,,,,,,,,
Coyote Canyon,157,1,1,90,0.0,12.3,37.2,35.331214,-116.806927,35.311911,-116.570533,35.32751,-116.523034,35.327211,-116.437736,35.34274,-116.4066,,,,,,,,,,,,,,,,,,,,,,,,,,,,,,,,,,,,,,,,,,,,,,,,,,,,,,,,,,,,,,,,
Coyote Lake,163,1,1,90,0.0,13.4,52.3,35.04897,-116.94055,35.146113,-116.773829,35.151312,-116.668132,35.146111,-116.552535,35.155112,-116.479537,35.1634,-116.40537,,,,,,,,,,,,,,,,,,,,,,,,,,,,,,,,,,,,,,,,,,,,,,,,,,,,,,,,,,,,,,
Cucamonga,125,1,1,45,0.0,13.0,29.2,34.180379,-117.441461,34.173413,-117.454072,34.166992,-117.477215,34.16741,-117.495397,34.168284,-117.520479,34.170949,-117.558241,34.171789,-117.568768,34.165929,-117.577327,34.162916,-117.633099,34.148427,-117.662657999999,34.12329,-117.7414,,,,,,,,,,,,,,,,,,,,,,,,,,,,,,,,,,,,,,,,,,,,,,,,,,,,
Davis Creek,894,1,1,50,0.0,8.5,30.1,41.8863,-120.361409999999,41.78795,-120.36531,41.62299,-120.30027,,,,,,,,,,,,,,,,,,,,,,,,,,,,,,,,,,,,,,,,,,,,,,,,,,,,,,,,,,,,,,,,,,,,
Death Valley (Black Mtns Frontal),245,1,1,60,0.0,13.0,77.4,36.53986,-116.88108,36.42435,-116.84797,36.35862,-116.79481,36.3398,-116.78998,36.30015,-116.77017,36.26197,-116.760968,36.144408,-116.761017,36.094185,-116.724560999999,36.048861,-116.761017,35.991288,-116.723042,35.891786,-116.690383999999,,,,,,,,,,,,,,,,,,,,,,,,,,,,,,,,,,,,,,,,,,,,,,,,,,,,
Death Valley (Fish Lake Valley),45,1,1,90,0.0,13.0,76.9,37.301939,-117.66754,37.320839,-117.69734,37.347459,-117.762520999999,37.367435,-117.807314,37.523329,-117.963813,37.589016,-118.034014,37.600119,-118.057079999999,37.61347,-118.074665,37.661433,-118.093227,37.716062,-118.123992,37.751708,-118.154969,37.828651,-118.192306,,,,,,,,,,,,,,,,,,,,,,,,,,,,,,,,,,,,,,,,,,,,,,,,,,
Death Valley (No),46,1,1,90,0.0,13.0,108.9,36.53986,-116.88108,36.69773,-117.08961,36.75781,-117.16017,36.92502,-117.2979,36.9574,-117.323509999999,37.03182,-117.39842,37.12219,-117.50039,37.17632,-117.53905,37.2941,-117.653,,,,,,,,,,,,,,,,,,,,,,,,,,,,,,,,,,,,,,,,,,,,,,,,,,,,,,,,
Death Valley (So),246,1,1,90,0.0,13.0,41.9,35.6015,-116.399,35.632136,-116.44051,35.667124,-116.462535,35.841452,-116.62127,35.8748,-116.664,35.891786,-116.690383999999,,,,,,,,,,,,,,,,,,,,,,,,,,,,,,,,,,,,,,,,,,,,,,,,,,,,,,,,,,,,,,
Deep Springs,51,1,1,50,0.0,13.0,25.3,37.434854,-117.942478999999,37.396842,-117.956233999999,37.381965,-117.958985,37.366649,-117.973841,37.349152,-117.987046,37.320704,-117.996949999999,37.286573,-118.014556,37.255067,-118.032713,37.230563,-118.059673,,,,,,,,,,,,,,,,,,,,,,,,,,,,,,,,,,,,,,,,,,,,,,,,,,,,,,,,
Del Valle,230,1,1,73,0.0,18.8,9.2,34.430159,-118.753946,34.427771,-118.685602,34.409441,-118.663183,,,,,,,,,,,,,,,,,,,,,,,,,,,,,,,,,,,,,,,,,,,,,,,,,,,,,,,,,,,,,,,,,,,,
Dog Valley,889,1,1,90,0.0,15.0,29.8,39.35781,-120.25138,39.46911,-120.11253,39.56493,-120.03312,,,,,,,,,,,,,,,,,,,,,,,,,,,,,,,,,,,,,,,,,,,,,,,,,,,,,,,,,,,,,,,,,,,,
Dry Mountain,888,1,1,50,0.0,13.0,29.9,37.02661,-117.60142,37.00915,-117.61026,36.99294,-117.61088,36.91648,-117.64915,36.83409,-117.6746,36.80303,-117.74824,,,,,,,,,,,,,,,,,,,,,,,,,,,,,,,,,,,,,,,,,,,,,,,,,,,,,,,,,,,,,,
Earthquake Valley,249,1,1,90,0.0,18.8,20.4,33.180546,-116.585928999999,33.1626,-116.565,33.1369,-116.527,33.1106,-116.497,33.071769,-116.412290999999,,,,,,,,,,,,,,,,,,,,,,,,,,,,,,,,,,,,,,,,,,,,,,,,,,,,,,,,,,,,,,,,
Earthquake Valley (No  Extension),255,1,1,90,0.0,18.8,33.1,33.3756,-116.852,33.327,-116.797,33.2652,-116.697,33.2371,-116.669,33.2029,-116.612,33.180546,-116.585928999999,,,,,,,,,,,,,,,,,,,,,,,,,,,,,,,,,,,,,,,,,,,,,,,,,,,,,,,,,,,,,,
Earthquake Valley (So Extension),256,1,1,90,0.0,18.8,9.3,33.071769,-116.412290999999,33.0588,-116.384,33.0377,-116.321,,,,,,,,,,,,,,,,,,,,,,,,,,,,,,,,,,,,,,,,,,,,,,,,,,,,,,,,,,,,,,,,,,,,
East Huasna 2011 CFM,671,1,1,90,0.0,15.0,74.0,34.78578,-120.01097,34.83445,-120.1018,34.93507,-120.16278,34.98337,-120.20579,35.0642,-120.27206,35.13668,-120.31805,35.25024,-120.389209999999,35.30063,-120.491989999999,,,,,,,,,,,,,,,,,,,,,,,,,,,,,,,,,,,,,,,,,,,,,,,,,,,,,,,,,,
Eaton Roughs 2011 CFM,672,1,1,90,0.0,15.0,97.8,39.99881,-123.30672,40.05565,-123.318389999999,40.12674,-123.36855,40.21308,-123.41045,40.30714,-123.48884,40.36494,-123.556669999999,40.4185,-123.584459999999,40.52052,-123.68075,40.56957,-123.718939999999,40.67706,-123.83089,40.75386,-123.8734,,,,,,,,,,,,,,,,,,,,,,,,,,,,,,,,,,,,,,,,,,,,,,,,,,,,
Elmore Ranch,96,1,1,90,0.0,11.4,29.0,33.23095,-115.65569,33.0299,-115.85434,,,,,,,,,,,,,,,,,,,,,,,,,,,,,,,,,,,,,,,,,,,,,,,,,,,,,,,,,,,,,,,,,,,,,,
Elsinore (Coyote Mountains),103,1,1,82,0.0,13.2,38.8,32.779,-116.006,32.8144,-116.098999999999,32.8377,-116.178,32.889212,-116.230217,32.930814,-116.264437,32.974771,-116.336673,,,,,,,,,,,,,,,,,,,,,,,,,,,,,,,,,,,,,,,,,,,,,,,,,,,,,,,,,,,,,,
Elsinore (Glen Ivy) rev,296,1,1,90,0.0,13.2,25.8,33.8289,-117.59,33.8129,-117.548,33.745095,-117.463316,33.731832,-117.445675999999,33.71851,-117.424151,33.704534,-117.402646,33.685223,-117.372703,,,,,,,,,,,,,,,,,,,,,,,,,,,,,,,,,,,,,,,,,,,,,,,,,,,,,,,,,,,,
Elsinore (Julian),102,1,1,84,0.0,18.8,75.5,32.949652,-116.355681,32.98262,-116.407006999999,33.010878,-116.460233,33.04934,-116.519163,33.1225,-116.628,33.178071,-116.690248999999,33.208684,-116.729217,33.2465,-116.791,33.279,-116.844,33.332,-116.952,33.3409,-117.0082,,,,,,,,,,,,,,,,,,,,,,,,,,,,,,,,,,,,,,,,,,,,,,,,,,,,
Elsinore (Stepovers Combined),402,1,1,90,0.0,13.7,11.8,33.685223,-117.372703,33.6116,-117.280987,,,,,,,,,,,,,,,,,,,,,,,,,,,,,,,,,,,,,,,,,,,,,,,,,,,,,,,,,,,,,,,,,,,,,,
Elsinore (Temecula) rev,299,1,1,90,0.0,14.2,40.0,33.6116,-117.280987,33.558972,-117.204486,33.528941,-117.172139,33.497543,-117.141723,33.422973,-117.053329,33.391404,-117.030907,33.370306,-117.015176999999,33.340914,-117.008194,,,,,,,,,,,,,,,,,,,,,,,,,,,,,,,,,,,,,,,,,,,,,,,,,,,,,,,,,,
Elysian Park (Lower CFM),196,1,1,22,10.0,14.7,41.5,33.853286,-117.949297,33.968959,-118.125953,34.054625,-118.325894999999,,,,,,,,,,,,,,,,,,,,,,,,,,,,,,,,,,,,,,,,,,,,,,,,,,,,,,,,,,,,,,,,,,,,
Elysian Park (Upper),146,1,1,50,3.0,15.0,20.2,34.06834,-118.09977,34.061222,-118.130356,34.067455,-118.234760999999,34.112583,-118.29677,,,,,,,,,,,,,,,,,,,,,,,,,,,,,,,,,,,,,,,,,,,,,,,,,,,,,,,,,,,,,,,,,,
Emerson-Copper Mtn 2011,90,1,1,90,0.0,14.1,72.4,34.15781,-116.179282,34.171795,-116.205274999999,34.211285,-116.242096999999,34.237947,-116.266747,34.25329,-116.283788999999,34.308123,-116.304178,34.333549,-116.316808,34.3728,-116.350279,34.406528,-116.379193,34.437626,-116.417841,34.450416,-116.439143,34.471298,-116.478814,34.486404,-116.494833,34.508724,-116.522526,34.529414,-116.539872,34.568548,-116.573951,34.614852,-116.651362,34.6475,-116.674,,,,,,,,,,,,,,,,,,,,,,,,,,,,,,,,,,,,,,
Eureka Peak,95,1,1,90,0.0,15.0,18.9,33.960741,-116.342098999999,33.994664,-116.343171,34.009912,-116.346503,34.023916,-116.353151999999,34.044542,-116.355143,34.122446,-116.39458,,,,,,,,,,,,,,,,,,,,,,,,,,,,,,,,,,,,,,,,,,,,,,,,,,,,,,,,,,,,,,
Fickle Hill (alt1),20,1,0,35,0.0,13.0,32.1,40.743939,-123.964615,40.784578,-123.989634,40.857894,-124.047038999999,40.978649,-124.18397,,,,,,,,,,,,,,,,,,,,,,,,,,,,,,,,,,,,,,,,,,,,,,,,,,,,,,,,,,,,,,,,,,
Fish Slough 2011 CFM,698,1,1,60,0.0,16.0,29.5,37.58187,-118.39229,37.47404,-118.39709,37.42886,-118.40469,37.36264,-118.37722,37.3248,-118.39971,,,,,,,,,,,,,,,,,,,,,,,,,,,,,,,,,,,,,,,,,,,,,,,,,,,,,,,,,,,,,,,,
Fitzhugh Creek,893,1,1,50,0.0,8.5,45.7,41.64475,-120.396229999999,41.57812,-120.38709,41.49361,-120.43788,41.42228,-120.44423,41.33447,-120.4351,41.24267,-120.446,,,,,,,,,,,,,,,,,,,,,,,,,,,,,,,,,,,,,,,,,,,,,,,,,,,,,,,,,,,,,,
Fontana (Seismicity),204,1,1,80,0.0,16.3,23.9,34.144692,-117.408975,34.104829,-117.453301,34.074915,-117.486556,34.040982,-117.524176,33.986478,-117.584561,,,,,,,,,,,,,,,,,,,,,,,,,,,,,,,,,,,,,,,,,,,,,,,,,,,,,,,,,,,,,,,,
Franklin 2011 CFM,634,1,1,90,0.0,13.2,38.0,37.84564,-122.04384,37.91325,-122.07934,37.96919,-122.15863,38.01942,-122.19739,38.0597,-122.24168,38.12487,-122.28299,,,,,,,,,,,,,,,,,,,,,,,,,,,,,,,,,,,,,,,,,,,,,,,,,,,,,,,,,,,,,,
Garberville - Briceland 2011 CFM,699,1,1,90,0.0,24.8,60.2,39.98846,-123.63528,40.06264,-123.76128,40.08679,-123.85564,40.15637,-123.95011,40.25189,-124.04452,40.29361,-124.06922,40.36002,-124.12122,,,,,,,,,,,,,,,,,,,,,,,,,,,,,,,,,,,,,,,,,,,,,,,,,,,,,,,,,,,,
Garlic Springs,159,1,1,90,0.0,12.7,13.7,35.257513,-116.691229999999,35.226312,-116.636831999999,35.179313,-116.575634,,,,,,,,,,,,,,,,,,,,,,,,,,,,,,,,,,,,,,,,,,,,,,,,,,,,,,,,,,,,,,,,,,,,
Garlock (Central),341,1,1,90,0.0,11.5,111.1,35.283464,-118.023950999999,35.423221,-117.749306,35.497199,-117.486869,35.567603,-117.157923,35.601818,-117.010672,35.598328,-116.878945,,,,,,,,,,,,,,,,,,,,,,,,,,,,,,,,,,,,,,,,,,,,,,,,,,,,,,,,,,,,,,
Garlock (East),48,1,1,90,0.0,11.5,45.2,35.598328,-116.878945,35.596712,-116.817962999999,35.593578,-116.590809999999,35.586404,-116.466969,35.590401,-116.379721,,,,,,,,,,,,,,,,,,,,,,,,,,,,,,,,,,,,,,,,,,,,,,,,,,,,,,,,,,,,,,,,
Garlock (West),49,1,1,90,0.0,14.7,97.7,34.823616,-118.918332,34.828441,-118.871234,34.849237,-118.822811,34.882252,-118.770808,34.931375,-118.666992,34.995769,-118.474655,35.047698,-118.375398,35.078809,-118.332596,35.186465,-118.119121999999,35.223252,-118.061341,35.271292,-118.010318,,,,,,,,,,,,,,,,,,,,,,,,,,,,,,,,,,,,,,,,,,,,,,,,,,,,
Gillem - Big Crack 2011 CFM,700,1,1,60,0.0,9.7,35.5,41.66038,-121.59885,41.72962,-121.56401,41.77859,-121.56709,41.86925,-121.55749,41.97464,-121.568679999999,,,,,,,,,,,,,,,,,,,,,,,,,,,,,,,,,,,,,,,,,,,,,,,,,,,,,,,,,,,,,,,,
Goldstone Lake,160,1,1,90,0.0,12.4,34.7,35.22503,-116.73919,35.23994,-116.75886,35.25658,-116.77161,35.31392,-116.79599,35.33188,-116.81729,35.36295,-116.83377,35.39488,-116.83531,35.41766,-116.864639999999,35.42644,-116.89722,35.44744,-116.91536,35.46714,-116.94742,,,,,,,,,,,,,,,,,,,,,,,,,,,,,,,,,,,,,,,,,,,,,,,,,,,,
Goose Lake 2011 CFM,701,1,1,58,0.0,8.5,62.8,42.28169,-120.34904,42.23824,-120.366169999999,42.15486,-120.34634,42.07263,-120.30598,41.9851,-120.2905,41.9247,-120.31567,41.80407,-120.22055,41.76143,-120.17294,,,,,,,,,,,,,,,,,,,,,,,,,,,,,,,,,,,,,,,,,,,,,,,,,,,,,,,,,,
Gravel Hills-Harper Lk,86,1,1,90,0.0,11.4,65.1,34.87243,-116.91851,34.88799,-116.96001,34.94894,-117.01707,35.17459,-117.337389999999,35.25629,-117.4541,,,,,,,,,,,,,,,,,,,,,,,,,,,,,,,,,,,,,,,,,,,,,,,,,,,,,,,,,,,,,,,,
Great Valley 01,131,1,1,15,7.0,9.6,43.7,39.67855,-122.29969,39.28571,-122.28082,,,,,,,,,,,,,,,,,,,,,,,,,,,,,,,,,,,,,,,,,,,,,,,,,,,,,,,,,,,,,,,,,,,,,,
Great Valley 02,133,1,1,15,7.0,9.6,21.9,39.28581,-122.280839999999,39.08907,-122.29219,,,,,,,,,,,,,,,,,,,,,,,,,,,,,,,,,,,,,,,,,,,,,,,,,,,,,,,,,,,,,,,,,,,,,,
Great Valley 03 Mysterious Ridge,132,1,1,20,9.0,14.0,51.4,39.11694,-122.27771,38.690117,-122.048356,,,,,,,,,,,,,,,,,,,,,,,,,,,,,,,,,,,,,,,,,,,,,,,,,,,,,,,,,,,,,,,,,,,,,,
Great Valley 03a Dunnigan Hills,383,1,1,20,3.0,6.0,27.4,38.623857,-121.877923,38.712318,-121.90759,38.831745,-122.033643,,,,,,,,,,,,,,,,,,,,,,,,,,,,,,,,,,,,,,,,,,,,,,,,,,,,,,,,,,,,,,,,,,,,
Great Valley 04a Trout Creek,134,1,1,20,9.0,14.0,19.2,38.688028,-122.092133,38.531579,-121.998998,,,,,,,,,,,,,,,,,,,,,,,,,,,,,,,,,,,,,,,,,,,,,,,,,,,,,,,,,,,,,,,,,,,,,,
Great Valley 04b Gordon Valley,381,1,1,20,9.0,14.0,28.5,38.528456,-122.047365,38.439722,-122.029403,38.286695,-121.946302,,,,,,,,,,,,,,,,,,,,,,,,,,,,,,,,,,,,,,,,,,,,,,,,,,,,,,,,,,,,,,,,,,,,
Great Valley 05 Pittsburg - Kirby Hills alt1,717,1,0,55,0.0,10.8,21.1,38.03651,-121.9046,38.08331,-121.88764,38.2145,-121.95244,,,,,,,,,,,,,,,,,,,,,,,,,,,,,,,,,,,,,,,,,,,,,,,,,,,,,,,,,,,,,,,,,,,,
Great Valley 06 (Midland) 2011 CFM alt1,645,1,0,47,1.0,15.0,68.7,38.42867,-121.82013,38.31374,-121.741109999999,38.2545,-121.70884,38.16717,-121.65735,38.08289,-121.63433,37.99822,-121.61717,37.90707,-121.62939,37.8457,-121.64807,,,,,,,,,,,,,,,,,,,,,,,,,,,,,,,,,,,,,,,,,,,,,,,,,,,,,,,,,,
Great Valley 07 (Orestimba),136,1,1,20,7.0,9.6,65.9,37.73443,-121.52409,37.276,-121.051,,,,,,,,,,,,,,,,,,,,,,,,,,,,,,,,,,,,,,,,,,,,,,,,,,,,,,,,,,,,,,,,,,,,,,
Great Valley 08 (Quinto),137,1,1,25,0.0,6.0,19.4,37.245,-121.095,37.09232,-120.98939,,,,,,,,,,,,,,,,,,,,,,,,,,,,,,,,,,,,,,,,,,,,,,,,,,,,,,,,,,,,,,,,,,,,,,
Great Valley 09 (Laguna Seca),151,1,1,25,7.0,9.6,39.0,37.10314,-120.98671,36.8083,-120.74888,,,,,,,,,,,,,,,,,,,,,,,,,,,,,,,,,,,,,,,,,,,,,,,,,,,,,,,,,,,,,,,,,,,,,,
Great Valley 10 (Panoche),138,1,1,15,7.0,9.6,21.6,36.79945,-120.7585,36.62798,-120.64514,,,,,,,,,,,,,,,,,,,,,,,,,,,,,,,,,,,,,,,,,,,,,,,,,,,,,,,,,,,,,,,,,,,,,,
Great Valley 11,139,1,1,15,7.0,9.6,24.5,36.64091,-120.65305,36.49507,-120.44764,,,,,,,,,,,,,,,,,,,,,,,,,,,,,,,,,,,,,,,,,,,,,,,,,,,,,,,,,,,,,,,,,,,,,,
Great Valley 12,140,1,1,15,7.0,9.6,17.5,36.47943,-120.43829,36.33982,-120.34914,,,,,,,,,,,,,,,,,,,,,,,,,,,,,,,,,,,,,,,,,,,,,,,,,,,,,,,,,,,,,,,,,,,,,,
Great Valley 13 (Coalinga),142,1,1,15,9.1,15.2,31.6,36.3547,-120.358,36.2671,-120.254,36.1499,-120.114,,,,,,,,,,,,,,,,,,,,,,,,,,,,,,,,,,,,,,,,,,,,,,,,,,,,,,,,,,,,,,,,,,,,
Great Valley 14 (Kettleman Hills),141,1,1,22,8.1,22.5,24.0,36.1316,-120.139,36.0909,-120.068,36.0366,-119.973,36.0068,-119.921,,,,,,,,,,,,,,,,,,,,,,,,,,,,,,,,,,,,,,,,,,,,,,,,,,,,,,,,,,,,,,,,,,
Green Valley 2011 CFM,623,1,1,84,0.0,14.0,43.0,38.4154,-122.22314,38.23303,-122.161269999999,38.15394,-122.13282,38.10879,-122.11043,38.04365,-122.089,,,,,,,,,,,,,,,,,,,,,,,,,,,,,,,,,,,,,,,,,,,,,,,,,,,,,,,,,,,,,,,,
Greenville (No) 2011 CFM,636,1,1,84,0.0,14.9,50.5,37.50736,-121.54175,37.62192,-121.61777,37.67132,-121.6632,37.78807,-121.77345,37.82729,-121.80174,37.8715,-121.87529,,,,,,,,,,,,,,,,,,,,,,,,,,,,,,,,,,,,,,,,,,,,,,,,,,,,,,,,,,,,,,
Greenville (So) 2011 CFM,635,1,1,87,0.0,10.6,29.0,37.2544,-121.46941,37.30207,-121.47493,37.38182,-121.50159,37.46308,-121.51915,37.50736,-121.54175,,,,,,,,,,,,,,,,,,,,,,,,,,,,,,,,,,,,,,,,,,,,,,,,,,,,,,,,,,,,,,,,
Hartley Springs 2011 CFM,702,1,1,50,0.0,14.0,22.4,37.64553,-119.003459999999,37.69547,-119.00763,37.7628,-119.03345,37.83408,-119.082229999999,,,,,,,,,,,,,,,,,,,,,,,,,,,,,,,,,,,,,,,,,,,,,,,,,,,,,,,,,,,,,,,,,,
Hat Creek-McArthur-Mayfield,37,1,1,60,0.0,9.6,105.9,41.451073,-121.63309,41.108366,-121.43314,40.934529,-121.439804,40.616655,-121.373156,40.56274,-121.29094,,,,,,,,,,,,,,,,,,,,,,,,,,,,,,,,,,,,,,,,,,,,,,,,,,,,,,,,,,,,,,,,
Hayward (No) 2011 CFM,639,1,1,82,0.0,11.1,53.3,37.78233,-122.17796,37.83213,-122.21612,37.92933,-122.29734,38.05746,-122.413,38.10584,-122.44447,38.19634,-122.47402,,,,,,,,,,,,,,,,,,,,,,,,,,,,,,,,,,,,,,,,,,,,,,,,,,,,,,,,,,,,,,
Hayward (So) 2011 CFM,638,1,1,76,0.0,13.4,54.4,37.39713,-121.80236,37.48312,-121.91453,37.59493,-122.00413,37.63995,-122.05088,37.68095,-122.09226,37.78233,-122.17796,,,,,,,,,,,,,,,,,,,,,,,,,,,,,,,,,,,,,,,,,,,,,,,,,,,,,,,,,,,,,,
Hayward (So) extension 2011 CFM,637,1,1,48,0.0,5.1,23.1,37.23402,-121.66376,37.25782,-121.72471,37.30292,-121.73979,37.34573,-121.77509,37.39713,-121.80236,,,,,,,,,,,,,,,,,,,,,,,,,,,,,,,,,,,,,,,,,,,,,,,,,,,,,,,,,,,,,,,,
Hector Mine,167,1,1,90,0.0,14.6,27.9,34.715154,-116.376742,34.659556,-116.356435999999,34.604367,-116.313158,34.560438,-116.268631,34.49116,-116.257129999999,,,,,,,,,,,,,,,,,,,,,,,,,,,,,,,,,,,,,,,,,,,,,,,,,,,,,,,,,,,,,,,,
Helendale-So Lockhart,84,1,1,90,0.0,12.8,114.1,34.3248,-116.815,34.3757,-116.857,34.441,-116.945,34.5394,-117.063999999999,34.6038,-117.106,34.7868,-117.328,34.9156,-117.418,35.0428,-117.497,35.1087,-117.597,,,,,,,,,,,,,,,,,,,,,,,,,,,,,,,,,,,,,,,,,,,,,,,,,,,,,,,,
Hilton Creek 2011 CFM,703,1,1,50,0.0,14.8,30.5,37.50661,-118.762999999999,37.60673,-118.80758,37.67064,-118.8874,37.73181,-118.94945,,,,,,,,,,,,,,,,,,,,,,,,,,,,,,,,,,,,,,,,,,,,,,,,,,,,,,,,,,,,,,,,,,
Hollywood,108,1,1,70,0.0,17.3,19.0,34.1217,-118.223,34.1104,-118.31696,34.09908,-118.37228,34.0786,-118.42069,,,,,,,,,,,,,,,,,,,,,,,,,,,,,,,,,,,,,,,,,,,,,,,,,,,,,,,,,,,,,,,,,,
Holser alt 1,228,1,0,58,0.0,18.6,23.1,34.43862,-118.75333,34.43862,-118.73447,34.44993,-118.6741,34.44868,-118.64267,34.40599,-118.51295,,,,,,,,,,,,,,,,,,,,,,,,,,,,,,,,,,,,,,,,,,,,,,,,,,,,,,,,,,,,,,,,
Homestead Valley 2011,723,1,1,90,0.0,15.9,45.7,34.1598,-116.3136,34.1854,-116.3275,34.2109,-116.3348,34.2367,-116.3654,34.2866,-116.400799999999,34.3108,-116.4089,34.3213,-116.4263,34.364116,-116.450801,34.4418,-116.495,34.48985,-116.527381,34.520571,-116.537289,,,,,,,,,,,,,,,,,,,,,,,,,,,,,,,,,,,,,,,,,,,,,,,,,,,,
Honey Lake 2011 CFM,704,1,1,90,0.0,9.7,69.7,39.97361,-120.0082,40.00619,-120.06525,40.06618,-120.13707,40.15767,-120.25874,40.23236,-120.44834,40.28504,-120.49169,40.32371,-120.66108,,,,,,,,,,,,,,,,,,,,,,,,,,,,,,,,,,,,,,,,,,,,,,,,,,,,,,,,,,,,
Hosgri,30,1,1,80,0.0,12.2,171.4,34.8548,-120.746,34.8931,-120.766,34.934,-120.794999999999,34.9754,-120.805,35.0469,-120.834,35.1085,-120.866,35.1429,-120.879,35.20629,-120.91703,35.31748,-120.97277,35.3547,-121.002,35.4214,-121.046,35.4542,-121.064,35.502,-121.090999999999,35.6027,-121.158,35.6523,-121.194,35.7005,-121.241,35.7437,-121.286,35.7685,-121.319,35.7917,-121.365,35.8356,-121.418,35.8623,-121.453,35.8946,-121.493999999999,35.9287,-121.517,35.968,-121.561,36.1462,-121.727,,,,,,,,,,,,,,,,,,,,,,,,
Hosgri (Extension),208,1,1,80,0.0,7.5,28.7,34.604563,-120.686470999999,34.663014,-120.687376,34.707458,-120.691035,34.795312,-120.732081,34.8548,-120.746,,,,,,,,,,,,,,,,,,,,,,,,,,,,,,,,,,,,,,,,,,,,,,,,,,,,,,,,,,,,,,,,
Hunter Mountain-Saline Valley,50,1,1,90,0.0,12.4,77.0,36.4467,-117.3955,36.475264,-117.432486999999,36.523263,-117.540109,36.569909,-117.620825,36.617232,-117.681362,36.660499,-117.821774,36.705117,-117.84952,36.754468,-117.875584999999,36.924155,-117.952097,,,,,,,,,,,,,,,,,,,,,,,,,,,,,,,,,,,,,,,,,,,,,,,,,,,,,,,,
Hunting Creek - Bartlett Springs connector 2011,677,1,1,90,0.0,12.0,38.0,38.68143,-122.36415,38.78288,-122.38694,38.83594,-122.384219999999,38.88398,-122.4062,38.94115,-122.45538,38.99726,-122.49994,,,,,,,,,,,,,,,,,,,,,,,,,,,,,,,,,,,,,,,,,,,,,,,,,,,,,,,,,,,,,,
Hunting Creek - Berryessa 2011 CFM,640,1,1,90,0.0,10.6,44.4,38.4154,-122.22314,38.46641,-122.2501,38.55527,-122.240119999999,38.62339,-122.298629,38.65787,-122.3441,38.75121,-122.44815,,,,,,,,,,,,,,,,,,,,,,,,,,,,,,,,,,,,,,,,,,,,,,,,,,,,,,,,,,,,,,
Imperial,97,1,1,82,0.0,11.0,62.4,32.47,-115.169,32.83587,-115.499817,32.880439,-115.535857999999,32.925506,-115.552535,,,,,,,,,,,,,,,,,,,,,,,,,,,,,,,,,,,,,,,,,,,,,,,,,,,,,,,,,,,,,,,,,,
Incline Village 2011 CFM,678,1,1,50,0.0,11.4,20.3,39.12404,-119.9985,39.18032,-119.96622,39.25654,-119.96096,39.29494,-119.93115,,,,,,,,,,,,,,,,,,,,,,,,,,,,,,,,,,,,,,,,,,,,,,,,,,,,,,,,,,,,,,,,,,
Independence rev 2011,65,1,1,50,0.0,14.6,75.1,36.5015,-118.092,36.5586,-118.168,36.6239,-118.224,36.6634,-118.234,36.7735,-118.302,36.8287,-118.32,36.8802,-118.304,36.97624,-118.33651,37.00376,-118.34528,37.03629,-118.36655,37.07131,-118.40533,37.09883,-118.40408,,,,,,,,,,,,,,,,,,,,,,,,,,,,,,,,,,,,,,,,,,,,,,,,,,
Jess Valley,892,1,1,50,0.0,12.0,37.3,41.04585,-120.25334,41.17834,-120.30025,41.22717,-120.33973,41.28048,-120.31213,41.30531,-120.33248,41.35832,-120.314959999999,,,,,,,,,,,,,,,,,,,,,,,,,,,,,,,,,,,,,,,,,,,,,,,,,,,,,,,,,,,,,,
Johnson Valley (No) 2011 rev,91,1,1,90,0.0,15.9,52.0,34.1682,-116.421,34.1967,-116.437,34.2736,-116.440999999999,34.308166,-116.453901,34.313201,-116.458202,34.343383,-116.481617,34.375366,-116.506919,34.410503,-116.55389,34.430325,-116.584534999999,34.475372,-116.63191,34.49249,-116.654236,34.544745,-116.694803,34.556007,-116.69808,,,,,,,,,,,,,,,,,,,,,,,,,,,,,,,,,,,,,,,,,,,,,,,,
Joshua Tree (Seismicity),168,1,1,90,0.0,13.3,17.5,34.084515,-116.297251999999,34.024915,-116.318152,33.986815,-116.319952,33.932314,-116.300254,,,,,,,,,,,,,,,,,,,,,,,,,,,,,,,,,,,,,,,,,,,,,,,,,,,,,,,,,,,,,,,,,,
Keddie Ridge 2011 CFM,679,1,1,90,0.0,10.0,30.5,40.09097,-120.84669,40.16722,-120.90872,40.22474,-121.03523,40.27137,-121.10734,,,,,,,,,,,,,,,,,,,,,,,,,,,,,,,,,,,,,,,,,,,,,,,,,,,,,,,,,,,,,,,,,,
Kern Canyon (Lake Isabella) 2011,542,1,1,60,0.0,14.6,35.4,35.462,-118.5315,35.4828,-118.5316,35.5873,-118.500799999999,35.7259,-118.432099999999,35.7654,-118.4201,,,,,,,,,,,,,,,,,,,,,,,,,,,,,,,,,,,,,,,,,,,,,,,,,,,,,,,,,,,,,,,,
Kern Canyon (North Kern) 2011,544,1,1,60,0.0,14.6,52.1,36.1915,-118.4255,36.2809,-118.411899999999,36.4407,-118.416,36.5471,-118.409,36.658,-118.427,,,,,,,,,,,,,,,,,,,,,,,,,,,,,,,,,,,,,,,,,,,,,,,,,,,,,,,,,,,,,,,,
Kern Canyon (South Kern) 2011,543,1,1,60,0.0,14.6,48.2,35.7667,-118.4019,35.8988,-118.4505,35.9641,-118.4615,36.1309,-118.4394,36.1915,-118.4255,,,,,,,,,,,,,,,,,,,,,,,,,,,,,,,,,,,,,,,,,,,,,,,,,,,,,,,,,,,,,,,,
Kickapoo,92,1,1,90,0.0,15.1,6.2,34.308166,-116.453901,34.364116,-116.450801,,,,,,,,,,,,,,,,,,,,,,,,,,,,,,,,,,,,,,,,,,,,,,,,,,,,,,,,,,,,,,,,,,,,,,
King Range 2011 CFM,680,1,1,29,0.0,6.5,42.1,40.24023,-124.34661,40.21775,-124.26705,40.14691,-124.07635,40.01043,-123.98954,,,,,,,,,,,,,,,,,,,,,,,,,,,,,,,,,,,,,,,,,,,,,,,,,,,,,,,,,,,,,,,,,,
La Panza 2011,641,1,1,51,0.0,13.9,71.9,35.06102,-119.95092,35.13816,-120.07321,35.1943,-120.13927,35.23274,-120.1879,35.26057,-120.24909,35.32461,-120.32161,35.37101,-120.39464,35.40467,-120.43647,35.51085,-120.50408,,,,,,,,,,,,,,,,,,,,,,,,,,,,,,,,,,,,,,,,,,,,,,,,,,,,,,,,
Laguna Salada,104,1,1,90,0.0,13.3,99.5,32.1608,-115.099,32.2014,-115.2,32.222,-115.244,32.2432,-115.287,32.263,-115.327,32.2883,-115.399999999999,32.5449,-115.72,32.5919,-115.808,32.6628,-115.839999999999,32.7271,-115.883,,,,,,,,,,,,,,,,,,,,,,,,,,,,,,,,,,,,,,,,,,,,,,,,,,,,,,
Lake Isabella (Seismicity),207,1,1,90,0.0,15.2,60.4,35.475091,-118.444245,35.882723,-118.314082,35.966722,-118.313080999999,36.000022,-118.33558,,,,,,,,,,,,,,,,,,,,,,,,,,,,,,,,,,,,,,,,,,,,,,,,,,,,,,,,,,,,,,,,,,
Las Positas,642,1,1,90,0.0,15.0,14.7,37.69065,-121.68396,37.60758,-121.81327,,,,,,,,,,,,,,,,,,,,,,,,,,,,,,,,,,,,,,,,,,,,,,,,,,,,,,,,,,,,,,,,,,,,,,
Last Chance,890,1,1,50,0.0,15.0,38.8,39.6,-120.0097,39.75539,-120.07539,39.88251,-120.06318,39.93181,-120.02241,,,,,,,,,,,,,,,,,,,,,,,,,,,,,,,,,,,,,,,,,,,,,,,,,,,,,,,,,,,,,,,,,,
Lenwood-Lockhart-Old Woman Springs,85,1,1,90,0.0,13.2,145.2,34.3498,-116.643,34.4631,-116.696,34.5527,-116.767,34.6451,-116.842,34.7504,-116.926,34.8715,-117.085,34.9536,-117.248,35.0523,-117.474,35.2155,-117.775999999999,,,,,,,,,,,,,,,,,,,,,,,,,,,,,,,,,,,,,,,,,,,,,,,,,,,,,,,,
Likely 2011 CFM,705,1,1,90,0.0,9.4,91.1,40.891,-120.2451,40.983,-120.36126,41.0619,-120.42656,41.11566,-120.49539,41.16851,-120.54455,41.21307,-120.596579999999,41.25979,-120.63558,41.33144,-120.72691,41.39655,-120.82899,41.46082,-120.913779999999,41.50169,-120.96333,,,,,,,,,,,,,,,,,,,,,,,,,,,,,,,,,,,,,,,,,,,,,,,,,,,,
Lions Head 2011 CFM,681,1,1,75,0.0,12.0,65.2,34.64919,-120.10267,34.66889,-120.17155,34.69663,-120.22042,34.70561,-120.30271,34.72727,-120.43299,34.84819,-120.57189,34.87339,-120.6313,34.88867,-120.72587,,,,,,,,,,,,,,,,,,,,,,,,,,,,,,,,,,,,,,,,,,,,,,,,,,,,,,,,,,
Little Lake,144,1,1,90,0.0,13.0,43.8,35.605158,-117.647489,35.811263,-117.809069,35.906877,-117.88341,35.93426,-117.91253,,,,,,,,,,,,,,,,,,,,,,,,,,,,,,,,,,,,,,,,,,,,,,,,,,,,,,,,,,,,,,,,,,
Little Salmon (Offshore),16,1,1,30,0.0,13.0,45.5,40.764,-124.231,40.796,-124.351999999999,40.941,-124.47499,41.004,-124.64099,,,,,,,,,,,,,,,,,,,,,,,,,,,,,,,,,,,,,,,,,,,,,,,,,,,,,,,,,,,,,,,,,,
Little Salmon (Onshore),17,1,1,30,0.0,13.0,34.3,40.534,-123.99,40.584,-124.10399,40.646,-124.178,40.764,-124.231,,,,,,,,,,,,,,,,,,,,,,,,,,,,,,,,,,,,,,,,,,,,,,,,,,,,,,,,,,,,,,,,,,
Los Alamos 2011 CFM,683,1,1,30,0.0,12.0,26.9,34.75688,-120.33777,34.72672,-120.209939999999,34.67907,-120.13519,34.63919,-120.08999,,,,,,,,,,,,,,,,,,,,,,,,,,,,,,,,,,,,,,,,,,,,,,,,,,,,,,,,,,,,,,,,,,
Los Alamos extension,780,1,1,30,0.0,12.0,22.3,34.63918,-120.088979999999,34.5945,-119.922328,34.5556,-119.8734,,,,,,,,,,,,,,,,,,,,,,,,,,,,,,,,,,,,,,,,,,,,,,,,,,,,,,,,,,,,,,,,,,,,
Los Medanos - Roe Island,643,1,1,39,0.0,14.0,20.9,37.976,-121.923,37.99988,-121.98444,38.06498,-122.03621,38.08894,-122.10265,,,,,,,,,,,,,,,,,,,,,,,,,,,,,,,,,,,,,,,,,,,,,,,,,,,,,,,,,,,,,,,,,,
Los Osos 2011,74,1,1,45,0.0,12.0,57.9,35.362,-120.995,35.30209,-120.86641,35.29963,-120.78181,35.28492,-120.73522,35.24569,-120.68373,35.20891,-120.6543,35.16967,-120.53171,35.12554,-120.48144,35.12186,-120.45692,,,,,,,,,,,,,,,,,,,,,,,,,,,,,,,,,,,,,,,,,,,,,,,,,,,,,,,,
Lost Hills,201,1,1,29,4.2,12.0,32.6,35.802384,-119.921961,35.744226,-119.866983,35.686036,-119.812086,35.62782,-119.75727,35.569574,-119.702535,,,,,,,,,,,,,,,,,,,,,,,,,,,,,,,,,,,,,,,,,,,,,,,,,,,,,,,,,,,,,,,,
Ludlow,166,1,1,90,0.0,11.1,71.5,34.95961,-116.249845,34.906711,-116.202447,34.823711,-116.216647,34.78341,-116.188247999999,34.70521,-116.16055,34.43188,-115.86622,,,,,,,,,,,,,,,,,,,,,,,,,,,,,,,,,,,,,,,,,,,,,,,,,,,,,,,,,,,,,,
Maacama 2011 CFM,644,1,1,63,0.0,10.9,174.7,38.49992,-122.64723,38.61613,-122.74301,38.68105,-122.80191,38.81569,-122.95799,39.01752,-123.08372,39.19988,-123.20118,39.25114,-123.232,39.29359,-123.26325,39.39546,-123.34474,39.43605,-123.37588,39.72345,-123.55313,39.84598,-123.67168,,,,,,,,,,,,,,,,,,,,,,,,,,,,,,,,,,,,,,,,,,,,,,,,,,
Mad River (alt1),22,1,0,35,0.0,13.0,41.6,40.747027,-123.924553,40.808491,-123.959042,40.837182,-123.996325,40.899533,-124.069619999999,40.933175,-124.111699,40.98371,-124.148737999999,41.032106,-124.233198,,,,,,,,,,,,,,,,,,,,,,,,,,,,,,,,,,,,,,,,,,,,,,,,,,,,,,,,,,,,
Malibu Coast (Extension) alt 1,221,1,0,74,0.0,7.8,34.6,34.048162,-118.932988,34.05267,-118.994236,34.059373,-119.086117,34.066007,-119.178008,34.070392,-119.239274999999,34.067542,-119.307624,,,,,,,,,,,,,,,,,,,,,,,,,,,,,,,,,,,,,,,,,,,,,,,,,,,,,,,,,,,,,,
Malibu Coast alt 1,220,1,0,75,0.0,7.8,37.8,34.0287,-118.525,34.0374,-118.62,34.0392,-118.679999999999,34.0323,-118.727,34.033,-118.797999999999,34.0464,-118.933,,,,,,,,,,,,,,,,,,,,,,,,,,,,,,,,,,,,,,,,,,,,,,,,,,,,,,,,,,,,,,
Manix-Afton Hills,164,1,1,90,0.0,13.2,58.9,34.92618,-116.757019999999,34.981013,-116.544637,35.024411,-116.365241,35.03844,-116.299149999999,35.0142,-116.23384,35.01044,-116.13686,,,,,,,,,,,,,,,,,,,,,,,,,,,,,,,,,,,,,,,,,,,,,,,,,,,,,,,,,,,,,,
McKinleyville (alt1),21,1,0,35,0.0,13.0,47.4,40.757123,-123.863791,40.791765,-123.903431999999,40.817474,-123.941961,40.858027,-123.998518,40.909512,-124.051314,40.962026,-124.090756,41.058082,-124.183082999999,41.065889,-124.232728,,,,,,,,,,,,,,,,,,,,,,,,,,,,,,,,,,,,,,,,,,,,,,,,,,,,,,,,,,
McLean Lake,155,1,1,90,0.0,11.1,53.4,35.499215,-116.962521,35.478314,-116.861223,35.491612,-116.670928,35.496011,-116.482333,35.45091,-116.393036,,,,,,,,,,,,,,,,,,,,,,,,,,,,,,,,,,,,,,,,,,,,,,,,,,,,,,,,,,,,,,,,
Mendocino,13,1,1,90,0.0,10.0,178.3,40.20667,-124.34336,40.262165,-124.411908,40.3717,-124.695999999999,40.399137,-125.354058,40.41508,-125.840999,40.412181,-126.381199,,,,,,,,,,,,,,,,,,,,,,,,,,,,,,,,,,,,,,,,,,,,,,,,,,,,,,,,,,,,,,
Mission (connected) 2011 CFM,605,1,1,90,0.0,5.1,28.1,37.63282,-122.043243,37.595223,-121.981256,37.507004,-121.878306999999,37.456685,-121.816351,,,,,,,,,,,,,,,,,,,,,,,,,,,,,,,,,,,,,,,,,,,,,,,,,,,,,,,,,,,,,,,,,,
Mission Creek,250,1,1,65,0.0,17.7,31.4,34.003583,-116.572396999999,34.018736,-116.619382,34.039421,-116.695045,34.048826,-116.739703,34.045845,-116.836461,34.025506,-116.899455,,,,,,,,,,,,,,,,,,,,,,,,,,,,,,,,,,,,,,,,,,,,,,,,,,,,,,,,,,,,,,
Mission Hills 2011,779,1,1,55,0.0,14.5,13.1,34.26115,-118.42055,34.278963,-118.458435,34.27385,-118.55724,,,,,,,,,,,,,,,,,,,,,,,,,,,,,,,,,,,,,,,,,,,,,,,,,,,,,,,,,,,,,,,,,,,,
Mission Ridge-Arroyo Parida-Santa Ana,78,1,1,70,0.0,7.6,68.9,34.42981,-119.89769,34.42478,-119.86875,34.43359,-119.80713,34.43359,-119.78575,34.44113,-119.75055,34.44239,-119.742999999999,34.44994,-119.69144,34.44113,-119.61095,34.43107,-119.51036,34.4273,-119.47137,34.41598,-119.4261,34.42353,-119.34562,34.42981,-119.28778,34.44994,-119.20226,34.47005,-119.16579,,,,,,,,,,,,,,,,,,,,,,,,,,,,,,,,,,,,,,,,,,,,
Mohawk Valley 2011 CFM,686,1,1,90,0.0,14.7,64.5,39.49015,-120.36871,39.55919,-120.39812,39.63868,-120.45316,39.68093,-120.51774,39.74266,-120.61715,39.97353,-120.75544,,,,,,,,,,,,,,,,,,,,,,,,,,,,,,,,,,,,,,,,,,,,,,,,,,,,,,,,,,,,,,
Mono Lake 2011 CFM,707,1,1,50,0.0,13.8,19.5,37.94299,-119.10841,38.03399,-119.18003,38.10195,-119.181519999999,,,,,,,,,,,,,,,,,,,,,,,,,,,,,,,,,,,,,,,,,,,,,,,,,,,,,,,,,,,,,,,,,,,,
Monte Vista - Shannon 2011 CFM,646,1,1,61,0.0,14.2,60.0,37.4766,-122.31425,37.35314,-122.10292,37.31305,-122.06992,37.27489,-122.01027,37.24308,-121.95536,37.21551,-121.89396,37.19444,-121.755239999999,,,,,,,,,,,,,,,,,,,,,,,,,,,,,,,,,,,,,,,,,,,,,,,,,,,,,,,,,,,,
Monterey Bay-Tularcitos,11,1,1,90,0.0,14.0,85.8,36.35759,-121.50309,36.40017,-121.59573,36.43872,-121.6489,36.46929,-121.735309999999,36.58495,-121.86559,36.8136,-122.010489999999,36.92128,-122.12216,,,,,,,,,,,,,,,,,,,,,,,,,,,,,,,,,,,,,,,,,,,,,,,,,,,,,,,,,,,,
Morales (East),188,1,1,32,0.0,8.6,17.8,34.94336,-119.485067,34.949759,-119.547019,34.959257,-119.593803,34.981774,-119.673886,,,,,,,,,,,,,,,,,,,,,,,,,,,,,,,,,,,,,,,,,,,,,,,,,,,,,,,,,,,,,,,,,,
Morales (West),187,1,1,32,0.0,8.6,28.2,34.974815,-119.721646,34.994004,-119.762903,35.029418,-119.812381,35.088524,-119.848771,35.163291,-119.9204,,,,,,,,,,,,,,,,,,,,,,,,,,,,,,,,,,,,,,,,,,,,,,,,,,,,,,,,,,,,,,,,
Mount Diablo Thrust North CFM,711,1,0,40,1.0,13.5,18.8,37.77295,-121.9081,37.80168,-121.96558,37.89604,-122.04979,,,,,,,,,,,,,,,,,,,,,,,,,,,,,,,,,,,,,,,,,,,,,,,,,,,,,,,,,,,,,,,,,,,,
Mount Diablo Thrust South,713,1,0,40,1.0,13.5,11.3,37.72407,-121.78523,37.76546,-121.90313,,,,,,,,,,,,,,,,,,,,,,,,,,,,,,,,,,,,,,,,,,,,,,,,,,,,,,,,,,,,,,,,,,,,,,
Nelson Lake,156,1,1,90,0.0,11.7,51.3,35.436515,-116.907123,35.429312,-116.845425,35.444711,-116.63503,35.42691,-116.510933,35.41752,-116.43644,35.38808,-116.3531,,,,,,,,,,,,,,,,,,,,,,,,,,,,,,,,,,,,,,,,,,,,,,,,,,,,,,,,,,,,,,
Newport-Inglewood (Offshore),122,1,1,90,0.0,10.2,66.5,33.59104,-117.914549999999,33.50804,-117.798859999999,33.40241,-117.68819,33.2515,-117.54735,33.21629,-117.48698,33.15593,-117.42914,,,,,,,,,,,,,,,,,,,,,,,,,,,,,,,,,,,,,,,,,,,,,,,,,,,,,,,,,,,,,,
Newport-Inglewood alt 1,235,1,0,88,0.0,15.0,65.4,33.612718,-117.933993,33.674472,-117.993034,33.704535,-118.043641,33.71791,-118.062962,33.735499,-118.075697,33.76485,-118.113773,33.788686,-118.150398,33.826655,-118.205683,33.832116,-118.21281,33.843801,-118.232179,33.884745,-118.264261,33.911527,-118.288056,33.930631,-118.30383,33.933248,-118.318239,33.947945,-118.328788,33.961587,-118.353114999999,33.98879,-118.360316,34.00236,-118.367231,34.043309,-118.389551,,,,,,,,,,,,,,,,,,,,,,,,,,,,,,,,,,,,
North Frontal  (East),83,1,1,41,0.0,16.6,28.3,34.36839,-116.8033,34.33389,-116.760739999999,34.34164,-116.71876,34.33162,-116.669579999999,34.34042,-116.64316,34.33338,-116.62204,34.32105,-116.588569999999,34.31929,-116.53925,34.31049,-116.52517,,,,,,,,,,,,,,,,,,,,,,,,,,,,,,,,,,,,,,,,,,,,,,,,,,,,,,,,
North Frontal  (West),82,1,1,49,0.0,15.7,48.8,34.31693,-117.26906,34.343,-117.242,34.367,-117.228,34.371,-117.209999999999,34.40468,-117.20113,34.43865,-117.16715,34.44431,-117.144509999999,34.44148,-117.1077,34.42167,-117.059579999999,34.39619,-117.00297,34.38204,-116.98882,34.36505,-116.93785,34.37072,-116.85011,,,,,,,,,,,,,,,,,,,,,,,,,,,,,,,,,,,,,,,,,,,,,,,,
North Salt Lake,199,1,1,54,0.5,16.7,3.3,34.092526,-118.317227,34.083846,-118.351709,,,,,,,,,,,,,,,,,,,,,,,,,,,,,,,,,,,,,,,,,,,,,,,,,,,,,,,,,,,,,,,,,,,,,,
North Tahoe 2011 CFM,687,1,1,50,0.0,13.0,25.6,39.11018,-120.04447,39.148,-120.049999999999,39.21692,-119.99431,39.32425,-119.96006,,,,,,,,,,,,,,,,,,,,,,,,,,,,,,,,,,,,,,,,,,,,,,,,,,,,,,,,,,,,,,,,,,
Northridge,130,1,1,35,7.4,16.8,33.4,34.4172,-118.712,34.404,-118.634,34.3837,-118.596,34.3541,-118.545,34.3421,-118.478,34.3282,-118.424,34.3097,-118.378,,,,,,,,,,,,,,,,,,,,,,,,,,,,,,,,,,,,,,,,,,,,,,,,,,,,,,,,,,,,
Northridge Hills,211,1,1,31,0.0,14.9,24.9,34.228723,-118.453875,34.248405,-118.514462,34.259675,-118.565117,34.301664,-118.655495,34.300795,-118.705707,,,,,,,,,,,,,,,,,,,,,,,,,,,,,,,,,,,,,,,,,,,,,,,,,,,,,,,,,,,,,,,,
Oak Ridge (Onshore),116,1,1,65,1.0,19.4,49.8,34.26044,-119.21196,34.27598,-119.12853,34.31651,-119.0974,34.35225,-119.04024,34.36309,-118.958909999999,34.38133,-118.88049,34.38502,-118.81043,34.40132,-118.77422,34.39777,-118.7227,,,,,,,,,,,,,,,,,,,,,,,,,,,,,,,,,,,,,,,,,,,,,,,,,,,,,,,,
Oceanic - West Huasna,709,1,1,58,0.0,7.0,121.9,34.91778,-120.316709999999,34.99916,-120.34863,35.08794,-120.41297,35.12092,-120.45711,35.2101,-120.52673,35.34155,-120.649509999999,35.45027,-120.80696,35.50391,-120.86799,35.57117,-120.93345,35.59047,-121.00139,35.62484,-121.05588,35.65945,-121.15266,35.68358,-121.219669999999,,,,,,,,,,,,,,,,,,,,,,,,,,,,,,,,,,,,,,,,,,,,,,,,
Oceanside alt1,777,1,0,23,1.0,8.3,65.1,32.977987,-117.597567,33.05492,-117.614522,33.072443,-117.652547,33.15778,-117.680146,33.217531,-117.710423,33.244328,-117.74727,33.332407,-117.746213,33.411311,-117.784344,33.472328,-117.815626,33.509265,-117.819639,,,,,,,,,,,,,,,,,,,,,,,,,,,,,,,,,,,,,,,,,,,,,,,,,,,,,,
Ortigalita (North),921,1,1,90,0.0,11.0,39.9,37.00376,-121.0498,37.0909,-121.1274,37.1445,-121.1606,37.1879,-121.2211,37.2499,-121.2708,37.2974,-121.3018,,,,,,,,,,,,,,,,,,,,,,,,,,,,,,,,,,,,,,,,,,,,,,,,,,,,,,,,,,,,,,
Ortigalita (South),9,1,1,90,0.0,11.0,62.2,37.1081,-121.142899999999,37.034,-121.138,36.907055,-121.011404999999,36.793956,-120.903581,36.62523,-120.82285,,,,,,,,,,,,,,,,,,,,,,,,,,,,,,,,,,,,,,,,,,,,,,,,,,,,,,,,,,,,,,,,
Owens Valley,64,1,1,90,0.0,13.5,108.2,36.30771,-117.96535,36.5047,-118.019999999999,36.5522,-118.043,36.6355,-118.069999999999,36.6943,-118.082999999999,36.7739,-118.119,36.8506,-118.16,36.9315,-118.197,37.234,-118.328999999999,,,,,,,,,,,,,,,,,,,,,,,,,,,,,,,,,,,,,,,,,,,,,,,,,,,,,,,,
Owens Valley Keough Hot Springs,891,1,1,50,0.0,13.0,17.2,37.19276,-118.34453,37.23434,-118.37579,37.25722,-118.37493,37.3193,-118.4133,37.33332,-118.41006,,,,,,,,,,,,,,,,,,,,,,,,,,,,,,,,,,,,,,,,,,,,,,,,,,,,,,,,,,,,,,,,
Owl Lake,47,1,1,90,0.0,12.0,25.2,35.60639,-116.87723,35.72774,-116.641419999999,,,,,,,,,,,,,,,,,,,,,,,,,,,,,,,,,,,,,,,,,,,,,,,,,,,,,,,,,,,,,,,,,,,,,,
Ozena,841,1,1,33,0.0,13.9,41.5,34.8866,-119.706179999999,34.8301,-119.6211,34.8119,-119.583299999999,34.7989,-119.5058,34.7649,-119.4508,34.6742,-119.3447,,,,,,,,,,,,,,,,,,,,,,,,,,,,,,,,,,,,,,,,,,,,,,,,,,,,,,,,,,,,,,
Palos Verdes,109,1,1,90,0.0,13.6,107.1,33.22678,-117.85949,33.2798,-117.917,33.3184,-117.943,33.3546,-117.986,33.4428,-118.06,33.4816,-118.08,33.5449,-118.119,33.5835,-118.146,33.6919,-118.233,33.7472,-118.254,33.7895,-118.334,33.8175,-118.4,33.8637,-118.439,33.9021,-118.496,33.9702,-118.557,,,,,,,,,,,,,,,,,,,,,,,,,,,,,,,,,,,,,,,,,,,,
Panamint Valley,244,1,1,90,0.0,13.0,109.7,35.612188,-116.904637,35.639785,-116.942309,35.659784,-116.975937,35.68278,-117.051607999999,35.711244,-117.090485,35.754475,-117.121394,35.860766,-117.167982,35.890425,-117.171031,35.920665,-117.186459,36.008113,-117.214722,36.038329,-117.219646,36.070863,-117.196684,36.206965,-117.219767,36.269868,-117.264329,36.307068,-117.31814,36.439636,-117.411468,,,,,,,,,,,,,,,,,,,,,,,,,,,,,,,,,,,,,,,,,,
Paradise,162,1,1,90,0.0,13.4,54.9,34.92533,-116.77996,35.03095,-116.78978,35.05285,-116.80941,35.24799,-116.88305,35.32016,-116.88668,35.40109,-116.91541,,,,,,,,,,,,,,,,,,,,,,,,,,,,,,,,,,,,,,,,,,,,,,,,,,,,,,,,,,,,,,
Peralta Hills,186,1,1,50,0.3,14.0,13.9,33.837646,-117.740948,33.824528,-117.817284,33.843517,-117.885812,,,,,,,,,,,,,,,,,,,,,,,,,,,,,,,,,,,,,,,,,,,,,,,,,,,,,,,,,,,,,,,,,,,,
Pilarcitos 2011 CFM,647,1,1,81,0.0,9.5,50.9,37.31225,-122.16225,37.35044,-122.2164,37.38728,-122.25534,37.44925,-122.342109999999,37.52283,-122.39136,37.58631,-122.49369,37.64006,-122.556379999999,,,,,,,,,,,,,,,,,,,,,,,,,,,,,,,,,,,,,,,,,,,,,,,,,,,,,,,,,,,,
Pine Mtn,193,1,1,45,0.0,16.3,61.6,34.619203,-118.788847,34.621576,-118.840861,34.616503,-118.889804,34.579874,-118.971255,34.576923,-119.128401,34.603904,-119.257609,34.622932,-119.335734,34.64962,-119.370024,34.665129,-119.427048,,,,,,,,,,,,,,,,,,,,,,,,,,,,,,,,,,,,,,,,,,,,,,,,,,,,,,,,
Pinto Mtn,93,1,1,90,0.0,15.5,83.2,34.054959,-116.720392,34.060183,-116.701456,34.072529,-116.679651,34.080127,-116.638336,34.078702,-116.591283,34.082976,-116.558575,34.110992,-116.479389,34.124288,-116.459305,34.130461,-116.414547,34.144707,-116.283143,34.147556,-116.228631,34.138059,-116.081734,34.130461,-116.053617,34.125713,-116.011154,34.108143,-115.958937,34.106244,-115.943444,34.09336,-115.845479999999,,,,,,,,,,,,,,,,,,,,,,,,,,,,,,,,,,,,,,,,
Pisgah-Bullion Mtn-Mesquite Lk,89,1,1,90,0.0,13.1,90.7,34.12149,-115.98907,34.15398,-116.02888,34.20586,-116.061309999999,34.29145,-116.12356,34.3913,-116.175429999999,34.47041,-116.25195,34.47948,-116.257129999999,34.49116,-116.257129999999,34.56248,-116.33364,34.63381,-116.37643,34.69735,-116.40627,34.81796,-116.485369999999,,,,,,,,,,,,,,,,,,,,,,,,,,,,,,,,,,,,,,,,,,,,,,,,,,
Pitas Point (Lower West),212,1,0,13,1.5,8.8,34.8,34.233774,-119.775743999999,34.26542,-119.832009,34.287731,-119.911741,34.3044,-119.978363,34.275513,-120.060193,34.248765,-120.1194,,,,,,,,,,,,,,,,,,,,,,,,,,,,,,,,,,,,,,,,,,,,,,,,,,,,,,,,,,,,,,
Pitas Point (Lower)-Montalvo,215,1,0,16,0.4,12.7,30.3,34.171574,-119.477517,34.154492,-119.572090999999,34.150259,-119.639387,34.155471,-119.683376,34.167938,-119.802531999999,,,,,,,,,,,,,,,,,,,,,,,,,,,,,,,,,,,,,,,,,,,,,,,,,,,,,,,,,,,,,,,,
Pittville 2011 CFM,688,1,1,60,0.0,8.9,37.2,41.19941,-121.403619999999,41.11377,-121.33572,41.03581,-121.28748,40.96952,-121.2702,40.88977,-121.28947,,,,,,,,,,,,,,,,,,,,,,,,,,,,,,,,,,,,,,,,,,,,,,,,,,,,,,,,,,,,,,,,
Pleito,58,1,1,46,0.0,13.6,43.6,34.941519,-119.295899,34.956225,-119.237059,34.955636,-119.206203999999,34.986937,-119.128158,35.007082,-119.080911999999,35.007477,-119.050538999999,34.991677,-119.036075,34.978248,-119.012934,34.968373,-118.994132,34.943872,-118.979455999999,34.935049,-118.968693,34.93152,-118.948601,34.932696,-118.927792,34.939144,-118.910727,34.935049,-118.878998,,,,,,,,,,,,,,,,,,,,,,,,,,,,,,,,,,,,,,,,,,,,
Point Reyes 2011 CFM,666,1,1,53,0.0,9.0,62.5,37.91569,-122.84302,37.9468,-122.91777,37.96232,-122.937979999999,37.97097,-123.02739,38.09367,-123.17321,38.18435,-123.23464,38.31156,-123.27758,,,,,,,,,,,,,,,,,,,,,,,,,,,,,,,,,,,,,,,,,,,,,,,,,,,,,,,,,,,,
Point Reyes 2011 connector,843,1,1,53,0.0,9.0,34.2,37.68165,-122.592169999999,37.81246,-122.71239,37.91569,-122.84302,,,,,,,,,,,,,,,,,,,,,,,,,,,,,,,,,,,,,,,,,,,,,,,,,,,,,,,,,,,,,,,,,,,,
Polaris 2011 CFM,545,1,1,81,0.0,15.0,28.5,39.51327,-120.24502,39.467,-120.23168,39.41875,-120.20324,39.3471,-120.14412,39.2839,-120.10358,,,,,,,,,,,,,,,,,,,,,,,,,,,,,,,,,,,,,,,,,,,,,,,,,,,,,,,,,,,,,,,,
Puente Hills,240,1,0,25,5.0,13.0,44.2,33.926854,-117.867278,33.93151,-118.043247,33.954077,-118.143496,34.058606,-118.297611,,,,,,,,,,,,,,,,,,,,,,,,,,,,,,,,,,,,,,,,,,,,,,,,,,,,,,,,,,,,,,,,,,
Quien Sabe 2011 CFM,648,1,1,85,0.0,10.1,25.3,36.93768,-121.37575,36.89357,-121.33534,36.85596,-121.29735,36.81047,-121.25795,36.75499,-121.2073,,,,,,,,,,,,,,,,,,,,,,,,,,,,,,,,,,,,,,,,,,,,,,,,,,,,,,,,,,,,,,,,
Raymond,152,1,1,79,0.0,15.6,22.5,34.162964,-117.990061,34.160883,-118.002542999999,34.155547,-118.014949,34.150715,-118.02924,34.140871,-118.049336,34.139141,-118.057453,34.129641,-118.080546,34.12288,-118.115128,34.121299,-118.123121,34.118318,-118.128951,34.1217,-118.223,,,,,,,,,,,,,,,,,,,,,,,,,,,,,,,,,,,,,,,,,,,,,,,,,,,,
Red Mountain,118,1,1,56,0.0,14.1,100.6,34.3386,-119.304,34.337,-119.38,34.356,-119.424,34.3573,-119.47,34.3572,-119.531,34.3582,-119.631,34.3617,-119.749,34.3822,-119.861,34.3991,-119.938999999999,34.3573,-120.386,,,,,,,,,,,,,,,,,,,,,,,,,,,,,,,,,,,,,,,,,,,,,,,,,,,,,,
Red Pass,161,1,1,90,0.0,11.7,25.5,35.243809,-116.356138999999,35.171611,-116.300441,35.065611,-116.180845,,,,,,,,,,,,,,,,,,,,,,,,,,,,,,,,,,,,,,,,,,,,,,,,,,,,,,,,,,,,,,,,,,,,
Redondo Canyon alt 1,232,1,0,90,0.0,13.3,12.7,33.794246,-118.530445,33.811895,-118.394884999999,,,,,,,,,,,,,,,,,,,,,,,,,,,,,,,,,,,,,,,,,,,,,,,,,,,,,,,,,,,,,,,,,,,,,,
Reliz 2011 CFM,649,1,1,58,0.0,10.9,127.4,36.98756,-122.24276,36.91161,-122.08523,36.8416,-122.0218,36.80062,-121.99073,36.72562,-121.89617,36.69627,-121.81252,36.67446,-121.76346,36.64715,-121.69318,36.58147,-121.630989999999,36.56294,-121.571699999999,36.4857,-121.50869,36.43736,-121.46363,36.35922,-121.35785,36.26658,-121.305439999999,36.20935,-121.24901,,,,,,,,,,,,,,,,,,,,,,,,,,,,,,,,,,,,,,,,,,,,
Richfield,205,1,1,28,2.5,12.9,6.2,33.871463,-117.800342,33.864514,-117.867417999999,,,,,,,,,,,,,,,,,,,,,,,,,,,,,,,,,,,,,,,,,,,,,,,,,,,,,,,,,,,,,,,,,,,,,,
Rinconada 2011 CFM,650,1,1,82,0.0,8.5,122.8,36.20935,-121.24901,36.12691,-121.16389,36.08953,-121.13214,36.02763,-121.068279999999,35.9331,-121.00323,35.88708,-120.967,35.81184,-120.90353,35.7273,-120.82137,35.6867,-120.77665,35.64417,-120.71813,35.57253,-120.6697,35.51539,-120.63578,35.46358,-120.61787,35.41377,-120.58937,35.37442,-120.5607,35.30173,-120.49332,,,,,,,,,,,,,,,,,,,,,,,,,,,,,,,,,,,,,,,,,,
Robinson Creek,38,1,1,50,0.0,13.0,16.7,38.20659,-119.31708,38.23859,-119.30286,38.26348,-119.30463,38.3346,-119.23174,,,,,,,,,,,,,,,,,,,,,,,,,,,,,,,,,,,,,,,,,,,,,,,,,,,,,,,,,,,,,,,,,,
Rocky Ledge 2011 CFM,689,1,1,60,0.0,9.0,15.7,40.98377,-121.64225,40.91058,-121.61543,40.84598,-121.62665,,,,,,,,,,,,,,,,,,,,,,,,,,,,,,,,,,,,,,,,,,,,,,,,,,,,,,,,,,,,,,,,,,,,
Rodgers Creek - Healdsburg 2011 CFM,651,1,1,77,0.0,12.0,82.3,38.16672,-122.44004,38.20684,-122.48639,38.27002,-122.54279,38.36302,-122.63916,38.40905,-122.67316,38.46776,-122.70563,38.52276,-122.76006,38.63767,-122.86716,38.76252,-122.99627,,,,,,,,,,,,,,,,,,,,,,,,,,,,,,,,,,,,,,,,,,,,,,,,,,,,,,,,
Rose Canyon,123,1,1,90,0.0,7.7,75.2,32.53385,-117.146229999999,32.60327,-117.150520999999,32.647766,-117.165444,32.709887,-117.162085,32.729042,-117.170444,32.759508,-117.197599,32.801083,-117.20996,32.835482,-117.241287,32.854538,-117.263572,33.018883,-117.325147,33.105,-117.399,33.124,-117.41,33.141,-117.4355,,,,,,,,,,,,,,,,,,,,,,,,,,,,,,,,,,,,,,,,,,,,,,,,
Round Valley,42,1,1,50,0.0,13.0,43.3,37.242436,-118.599224,37.251322,-118.616177,37.264669,-118.635126,37.278611,-118.641108,37.301507,-118.638806999999,37.326661,-118.627613,37.34512,-118.615129,37.357403,-118.614993,37.382486,-118.629718,37.397525,-118.642508999999,37.40476,-118.650613,37.413692,-118.651194999999,37.446111,-118.637191999999,37.481272,-118.641574,37.515172,-118.650427,37.524737,-118.671781,37.539727,-118.702307,37.548582,-118.730855,37.560275,-118.742319,,,,,,,,,,,,,,,,,,,,,,,,,,,,,,,,,,,,
Russ 2011 CFM,690,1,1,71,0.0,20.0,85.2,40.27215,-123.77894,40.34205,-123.86554,40.3847,-123.89358,40.47629,-124.10764,40.51635,-124.24747,40.50959,-124.35293,40.58565,-124.45248,40.64498,-124.486659999999,40.68344,-124.562459999999,,,,,,,,,,,,,,,,,,,,,,,,,,,,,,,,,,,,,,,,,,,,,,,,,,,,,,,,
San Andreas (Big Bend),287,1,1,90,0.0,15.1,49.8,34.94406,-119.402865,34.915714,-119.362861,34.8639,-119.21,34.828957,-119.030091,34.807599,-118.890122,,,,,,,,,,,,,,,,,,,,,,,,,,,,,,,,,,,,,,,,,,,,,,,,,,,,,,,,,,,,,,,,
San Andreas (Carrizo) rev,300,1,1,90,0.0,15.1,59.1,35.3142,-119.8659,35.1607,-119.7068,35.0475,-119.5583,34.9878,-119.471099999999,34.9441,-119.402899999999,,,,,,,,,,,,,,,,,,,,,,,,,,,,,,,,,,,,,,,,,,,,,,,,,,,,,,,,,,,,,,,,
San Andreas (Cholame) rev,285,1,1,90,0.0,12.0,62.6,35.314166,-119.865953,35.413909,-119.970299,35.533307,-120.086757,35.751982,-120.300046,,,,,,,,,,,,,,,,,,,,,,,,,,,,,,,,,,,,,,,,,,,,,,,,,,,,,,,,,,,,,,,,,,
San Andreas (Coachella) rev,295,1,1,90,0.0,11.1,69.5,33.78825,-116.24629,33.35009,-115.71192,,,,,,,,,,,,,,,,,,,,,,,,,,,,,,,,,,,,,,,,,,,,,,,,,,,,,,,,,,,,,,,,,,,,,,
San Andreas (Creeping Section) 2011 CFM,658,1,1,90,0.0,12.0,121.3,36.00264,-120.56133,36.10514,-120.669539999999,36.16257,-120.73885,36.24267,-120.82808,36.30519,-120.88991,36.41619,-121.00091,36.50079,-121.08632,36.57409,-121.165679999999,36.61081,-121.20964,36.69336,-121.30703,36.7393,-121.37001,36.80405,-121.47635,,,,,,,,,,,,,,,,,,,,,,,,,,,,,,,,,,,,,,,,,,,,,,,,,,
San Andreas (Mojave N),286,1,1,90,0.0,15.1,36.9,34.807599,-118.890122,34.807221,-118.887642,34.773248,-118.767314,34.698495,-118.508947999999,,,,,,,,,,,,,,,,,,,,,,,,,,,,,,,,,,,,,,,,,,,,,,,,,,,,,,,,,,,,,,,,,,
San Andreas (Mojave S),301,1,1,90,0.0,13.1,97.7,34.698495,-118.508947999999,34.547849,-118.103936,34.402927,-117.753579,34.3163,-117.549,,,,,,,,,,,,,,,,,,,,,,,,,,,,,,,,,,,,,,,,,,,,,,,,,,,,,,,,,,,,,,,,,,
San Andreas (North Branch Mill Creek),294,1,1,76,0.0,18.2,106.0,34.171718,-117.270207,34.150027,-117.222023,34.134071,-117.14295,34.117338,-117.084949,34.098139,-116.997473,34.084453,-116.939391,34.074855,-116.839872,34.063181,-116.751149,34.034248,-116.651113,34.002651,-116.562256,33.971841,-116.515888,33.933125,-116.466477,33.90582,-116.422437,33.844032,-116.315976,33.78825,-116.24629,,,,,,,,,,,,,,,,,,,,,,,,,,,,,,,,,,,,,,,,,,,,
San Andreas (North Coast) 2011 CFM,654,1,1,90,0.0,11.0,170.7,37.89651,-122.66515,37.9354,-122.70197,38.02445,-122.77521,38.09768,-122.84895,38.14614,-122.89467,38.22641,-122.9683,38.26875,-123.0007,38.36727,-123.07988,38.40803,-123.11884,38.49986,-123.21689,38.54419,-123.26219,38.59103,-123.31036,38.64567,-123.36404,38.71626,-123.43288,38.76575,-123.48366,38.8078,-123.52247,38.87964,-123.59011,39.00072,-123.6909,39.04879,-123.7299,39.14784,-123.79545,,,,,,,,,,,,,,,,,,,,,,,,,,,,,,,,,,
San Andreas (Offshore) 2011 CFM,653,1,1,90,0.0,11.0,130.8,39.14784,-123.79545,39.20339,-123.81909,39.28352,-123.85536,39.3291,-123.86533,39.39779,-123.90591,39.48017,-123.92999,39.53142,-123.947359999999,39.64229,-123.961999999999,39.73711,-123.99692,39.83372,-124.01806,39.92449,-124.0403,40.01099,-124.08612,40.08725,-124.15413,40.15296,-124.250979999999,40.20667,-124.34336,,,,,,,,,,,,,,,,,,,,,,,,,,,,,,,,,,,,,,,,,,,,
San Andreas (Parkfield),32,1,1,90,0.0,10.2,36.5,35.751982,-120.300046,36.002647,-120.56089,,,,,,,,,,,,,,,,,,,,,,,,,,,,,,,,,,,,,,,,,,,,,,,,,,,,,,,,,,,,,,,,,,,,,,
San Andreas (Peninsula) 2011 CFM,655,1,1,90,0.0,13.0,99.7,37.17514,-122.00197,37.22235,-122.05407,37.27902,-122.11594,37.31659,-122.16575,37.35174,-122.20213,37.42341,-122.26628,37.51492,-122.35596,37.62354,-122.44534,37.67787,-122.50232,37.72311,-122.54528,37.83078,-122.61984,37.89651,-122.66515,,,,,,,,,,,,,,,,,,,,,,,,,,,,,,,,,,,,,,,,,,,,,,,,,,
San Andreas (San Bernardino N),282,1,1,90,0.0,12.8,35.3,34.3163,-117.549,34.2709,-117.451,34.232843,-117.388692,34.173137,-117.274160999999,34.150027,-117.222023,,,,,,,,,,,,,,,,,,,,,,,,,,,,,,,,,,,,,,,,,,,,,,,,,,,,,,,,,,,,,,,,
San Andreas (San Bernardino S),283,1,1,90,0.0,12.8,43.4,34.150027,-117.222023,34.092795,-117.067674,34.073768,-117.0139,34.033837,-116.90235,34.011347,-116.873541,33.959114,-116.819794999999,,,,,,,,,,,,,,,,,,,,,,,,,,,,,,,,,,,,,,,,,,,,,,,,,,,,,,,,,,,,,,
San Andreas (San Gorgonio Pass-Garnet HIll),284,1,1,58,0.0,12.8,55.9,33.78825,-116.24629,33.848518,-116.383007,33.848123,-116.426527,33.884664,-116.516889,33.907018,-116.584856,33.917569,-116.623870999999,33.944163,-116.685809,33.937411,-116.778598,33.953154,-116.801391,,,,,,,,,,,,,,,,,,,,,,,,,,,,,,,,,,,,,,,,,,,,,,,,,,,,,,,,
San Andreas (Santa Cruz Mts) 2011 CFM,657,1,1,79,0.0,15.0,62.5,37.17514,-122.00197,37.15797,-121.97604,37.09443,-121.88688,37.05752,-121.81994,37.02349,-121.7641,36.98707,-121.73022,36.93344,-121.66466,36.90468,-121.61674,36.8348,-121.520589999999,36.80405,-121.47635,,,,,,,,,,,,,,,,,,,,,,,,,,,,,,,,,,,,,,,,,,,,,,,,,,,,,,
San Cayetano,80,1,1,42,0.0,16.0,42.1,34.4361,-118.762,34.4047,-118.831,34.4021,-118.864999999999,34.41725,-118.913042,34.427038,-118.923852,34.449464,-118.927914,34.448406,-118.943630999999,34.4221,-118.976854,34.421776,-119.007521,34.422944,-119.036709,34.435734,-119.081818,34.432891,-119.103758,34.449967,-119.159061,,,,,,,,,,,,,,,,,,,,,,,,,,,,,,,,,,,,,,,,,,,,,,,,
San Clemente,178,1,1,88,0.0,9.0,199.1,31.994933,-117.382539,32.038755,-117.448625,32.063277,-117.502539999999,32.107765,-117.555102,32.125669,-117.604367,32.173872,-117.664869,32.203714,-117.692363,32.233458,-117.736624,32.262009,-117.774251999999,32.311346,-117.82937,32.35586,-117.877817,32.3929,-117.914751,32.477543,-117.953395,32.544257,-117.995502,32.583077,-118.045874999999,32.641468,-118.080884,32.704173,-118.164983,32.740645,-118.226359,32.770266,-118.266172,32.83611,-118.330662999999,32.888944,-118.365125,32.916552,-118.397439,32.948434,-118.454594,32.984281,-118.483975,33.036563,-118.524848999999,33.07696,-118.567196,33.134131,-118.627418,33.168011,-118.666064,33.215109,-118.720391,33.288003,-118.804577,,,,,,,,,,,,,,
San Diego Trough north alt1,774,1,0,90,0.0,8.3,140.5,32.3996,-117.4148,32.474,-117.4576,32.5126,-117.4868,32.5551,-117.5178,32.6289,-117.5665,32.6528,-117.5797,32.6804,-117.5962,32.7339,-117.6303,32.7703,-117.6618,32.7951,-117.6802,32.825,-117.7008,32.8541,-117.7228,32.8706,-117.735,32.8845,-117.7402,32.918,-117.7612,32.9342,-117.7785,32.9473,-117.7899,32.964,-117.816199999999,32.9759,-117.8313,32.9954,-117.8562,33.0317,-117.888299999999,33.0594,-117.9159,33.1049,-117.9507,33.132,-117.9787,33.143,-117.9984,33.1622,-118.0017,33.1863,-118.0205,33.2208,-118.0399,33.265,-118.0741,33.2656,-118.0748,33.3093,-118.1039,33.3321,-118.1235,33.355,-118.1392,33.3693,-118.1529,33.3969,-118.185499999999,33.4244,-118.230899999999,33.4328,-118.2489
San Diego Trough south,177,1,1,90,0.0,8.3,156.1,32.447493,-117.428825,32.317965,-117.352076,32.263617,-117.329247,32.167181,-117.242997,32.140455,-117.213693,32.068361,-117.166753,32.02117,-117.11048,31.98074,-117.083009,31.871583,-117.033767,31.825004,-117.001185,31.797774,-116.965155,31.75311,-116.896383,31.684391,-116.800644999999,31.653614,-116.773004999999,31.601704,-116.705128,31.579077,-116.637984,31.578082,-116.528148,31.568752,-116.452675,31.551577,-116.387931,31.525488,-116.322455,,,,,,,,,,,,,,,,,,,,,,,,,,,,,,,,,,
San Gabriel,247,1,1,61,0.0,14.7,71.4,34.317807,-118.280034,34.3311,-118.301,34.3705,-118.428,34.3947,-118.489,34.4363,-118.561,34.5142,-118.644,34.5606,-118.696,34.6203,-118.772,34.6621,-118.816,34.714,-118.875,,,,,,,,,,,,,,,,,,,,,,,,,,,,,,,,,,,,,,,,,,,,,,,,,,,,,,
San Gabriel (Extension),248,1,1,61,0.0,14.7,62.5,34.2629,-117.631,34.235,-117.68,34.2434,-117.743,34.2574,-117.889,34.2492,-117.939,34.246,-118.034999999999,34.2533,-118.088,34.2647,-118.136,34.2867,-118.207,34.3009,-118.255,34.317807,-118.280034,,,,,,,,,,,,,,,,,,,,,,,,,,,,,,,,,,,,,,,,,,,,,,,,,,,,
San Gorgonio Pass,194,1,1,60,0.0,18.5,28.8,33.939289,-116.780053999999,33.946653,-116.856123,33.929165,-116.910793,33.976742,-116.978925,33.985087,-117.066595,,,,,,,,,,,,,,,,,,,,,,,,,,,,,,,,,,,,,,,,,,,,,,,,,,,,,,,,,,,,,,,,
San Gregorio (North) 2011 CFM,660,1,1,90,0.0,11.6,129.3,37.93885,-122.704989999999,37.89578,-122.6831,37.85063,-122.65915,37.78453,-122.62569,37.6583,-122.57074,37.59522,-122.543129999999,37.52315,-122.51483,37.42378,-122.44104,37.37835,-122.41812,37.25544,-122.36936,37.16371,-122.31521,37.08759,-122.269219999999,36.98756,-122.24276,36.92193,-122.20496,36.85944,-122.17551,,,,,,,,,,,,,,,,,,,,,,,,,,,,,,,,,,,,,,,,,,,,
San Gregorio (South) 2011 CFM,661,1,1,75,0.0,11.6,89.9,36.15477,-121.70383,36.24816,-121.77425,36.33826,-121.88147,36.41514,-121.94926,36.54491,-122.01226,36.59382,-122.03897,36.64355,-122.06301,36.68964,-122.08064,36.76527,-122.12671,36.80982,-122.15113,36.85944,-122.17551,,,,,,,,,,,,,,,,,,,,,,,,,,,,,,,,,,,,,,,,,,,,,,,,,,,,
San Jacinto (Anza) rev,293,1,1,90,0.0,16.8,46.2,33.736426,-116.914297,33.696672,-116.844717,33.5112,-116.549,33.489548,-116.513295,,,,,,,,,,,,,,,,,,,,,,,,,,,,,,,,,,,,,,,,,,,,,,,,,,,,,,,,,,,,,,,,,,
San Jacinto (Borrego),99,1,1,90,0.0,13.1,34.3,33.2066,-116.205,33.1822,-116.164,33.1434,-116.129,33.0976,-116.058,33.0297,-116.011,33.001,-115.943,,,,,,,,,,,,,,,,,,,,,,,,,,,,,,,,,,,,,,,,,,,,,,,,,,,,,,,,,,,,,,
San Jacinto (Clark) rev,292,1,1,90,0.0,16.8,46.8,33.489548,-116.513295,33.4166,-116.392999999999,33.396,-116.339,33.3839,-116.296999999999,33.315,-116.21,33.2854,-116.146999999999,33.2558,-116.098999999999,,,,,,,,,,,,,,,,,,,,,,,,,,,,,,,,,,,,,,,,,,,,,,,,,,,,,,,,,,,,
San Jacinto (Coyote Creek),101,1,1,90,0.0,15.9,42.9,33.4688,-116.543,33.4204,-116.47,33.2636,-116.283,33.2066,-116.205,,,,,,,,,,,,,,,,,,,,,,,,,,,,,,,,,,,,,,,,,,,,,,,,,,,,,,,,,,,,,,,,,,
San Jacinto (Lytle Creek connector),901,1,1,90,0.0,16.1,23.1,34.2466,-117.50122,34.18028,-117.441959999999,34.1013,-117.325,,,,,,,,,,,,,,,,,,,,,,,,,,,,,,,,,,,,,,,,,,,,,,,,,,,,,,,,,,,,,,,,,,,,
San Jacinto (San Bernardino),119,1,1,90,0.0,16.1,37.0,34.26298,-117.50032,34.1917,-117.389,34.1013,-117.325,34.017,-117.237,,,,,,,,,,,,,,,,,,,,,,,,,,,,,,,,,,,,,,,,,,,,,,,,,,,,,,,,,,,,,,,,,,
San Jacinto (San Jacinto Valley) rev,289,1,1,90,0.0,16.1,18.5,34.017,-117.237,34.0067,-117.222,33.904534,-117.08958,,,,,,,,,,,,,,,,,,,,,,,,,,,,,,,,,,,,,,,,,,,,,,,,,,,,,,,,,,,,,,,,,,,,
San Jacinto (Stepovers Combined),401,1,1,90,0.0,16.5,24.7,33.904534,-117.08958,33.736426,-116.914297,,,,,,,,,,,,,,,,,,,,,,,,,,,,,,,,,,,,,,,,,,,,,,,,,,,,,,,,,,,,,,,,,,,,,,
San Jacinto (Superstition Mtn),28,1,1,90,0.0,12.4,26.3,33.001,-115.943,32.93785,-115.80666,32.8842,-115.697999999999,,,,,,,,,,,,,,,,,,,,,,,,,,,,,,,,,,,,,,,,,,,,,,,,,,,,,,,,,,,,,,,,,,,,
San Joaquin Hills,143,1,1,23,2.0,12.4,27.5,33.695,-117.932999999999,33.688,-117.823,33.647,-117.736,33.597,-117.673999999999,,,,,,,,,,,,,,,,,,,,,,,,,,,,,,,,,,,,,,,,,,,,,,,,,,,,,,,,,,,,,,,,,,
San Jose,107,1,1,74,0.0,15.8,19.7,34.11406,-117.69006,34.08464,-117.73052,34.06012,-117.83841,34.03928,-117.87888,,,,,,,,,,,,,,,,,,,,,,,,,,,,,,,,,,,,,,,,,,,,,,,,,,,,,,,,,,,,,,,,,,
San Juan,31,1,1,90,0.0,13.0,82.1,35.7928,-120.3719,35.6797,-120.29537,35.50193,-120.22916,35.30454,-120.124949999999,35.28247,-120.08205,35.14761,-119.96066,,,,,,,,,,,,,,,,,,,,,,,,,,,,,,,,,,,,,,,,,,,,,,,,,,,,,,,,,,,,,,
San Luis Range - Oceano 2011 CFM,692,1,0,45,0.0,12.0,21.0,34.99137,-120.49158,35.05323,-120.55911,35.08534,-120.60988,35.12061,-120.65927,,,,,,,,,,,,,,,,,,,,,,,,,,,,,,,,,,,,,,,,,,,,,,,,,,,,,,,,,,,,,,,,,,
San Luis Range - Pecho 2011 CFM,693,1,1,90,0.0,12.0,25.6,35.03899,-120.68866,35.10442,-120.736509999999,35.14009,-120.80622,35.19147,-120.89162,,,,,,,,,,,,,,,,,,,,,,,,,,,,,,,,,,,,,,,,,,,,,,,,,,,,,,,,,,,,,,,,,,
San Luis Range 2011 CFM,691,1,0,52,0.0,12.0,78.9,34.77303,-120.09012,34.81084,-120.18996,34.91415,-120.31534,34.95465,-120.3696,34.99749,-120.44137,35.07302,-120.514619999999,35.11163,-120.56678,35.14155,-120.64047,35.19377,-120.77209,,,,,,,,,,,,,,,,,,,,,,,,,,,,,,,,,,,,,,,,,,,,,,,,,,,,,,,,
San Pedro Basin,181,1,1,88,0.8,12.3,68.6,33.471757,-118.334515,33.502613,-118.383997,33.577732,-118.467427,33.640099,-118.503133,33.729656,-118.584177999999,33.808321,-118.65695,33.85585,-118.699184,33.902369,-118.722332,33.940794,-118.797321999999,,,,,,,,,,,,,,,,,,,,,,,,,,,,,,,,,,,,,,,,,,,,,,,,,,,,,,,,
San Pedro Escarpment,183,1,1,17,1.0,16.0,26.5,33.736404,-118.467212,33.768303,-118.514186,33.799642,-118.603309999999,33.849343,-118.66368,33.880574,-118.688071,,,,,,,,,,,,,,,,,,,,,,,,,,,,,,,,,,,,,,,,,,,,,,,,,,,,,,,,,,,,,,,,
San Vicente,198,1,1,66,1.6,17.0,8.8,34.059437,-118.307256,34.069352,-118.402567,,,,,,,,,,,,,,,,,,,,,,,,,,,,,,,,,,,,,,,,,,,,,,,,,,,,,,,,,,,,,,,,,,,,,,
Santa Cruz Catalina Ridge alt1,775,1,0,90,0.0,11.0,113.8,33.38443,-118.5233,33.46513,-118.77243,33.497788,-118.797007,33.526389,-118.847378,33.561757,-118.857353,33.650496,-119.008808,33.683817,-119.048369,33.713975,-119.091579999999,33.745692,-119.133012,33.789249,-119.202511,33.841921,-119.277873,33.891278,-119.362494,33.9851,-119.487484,,,,,,,,,,,,,,,,,,,,,,,,,,,,,,,,,,,,,,,,,,,,,,,,
Santa Cruz Island,111,1,1,90,0.0,13.3,69.2,34.0727,-119.994,34.0314,-119.874,34.0155,-119.778,34.0048,-119.725,33.9857,-119.611999999999,33.9871,-119.515,33.9785,-119.347,33.9828,-119.26,,,,,,,,,,,,,,,,,,,,,,,,,,,,,,,,,,,,,,,,,,,,,,,,,,,,,,,,,,
Santa Monica Bay,185,1,1,20,2.3,18.0,16.9,33.767218,-118.785465,33.873499,-118.916594,,,,,,,,,,,,,,,,,,,,,,,,,,,,,,,,,,,,,,,,,,,,,,,,,,,,,,,,,,,,,,,,,,,,,,
Santa Monica alt 1,226,1,0,75,0.0,17.9,14.4,34.069082,-118.411767,34.042053,-118.455831,34.035603,-118.474925,34.031558,-118.481299,34.03043,-118.524725,34.032434,-118.554424,,,,,,,,,,,,,,,,,,,,,,,,,,,,,,,,,,,,,,,,,,,,,,,,,,,,,,,,,,,,,,
Santa Rosa Island,110,1,1,90,0.0,8.7,57.6,34.0112,-119.906,33.9855,-119.966,33.9714,-120.110999999999,33.9722,-120.18,33.9833,-120.23,33.9844,-120.3,33.9873,-120.358,33.9873,-120.43,34.0199,-120.511,,,,,,,,,,,,,,,,,,,,,,,,,,,,,,,,,,,,,,,,,,,,,,,,,,,,,,,,
Santa Susana East (connector),778,1,1,55,0.0,16.3,8.4,34.32418,-118.49552,34.3268,-118.45299,34.3018,-118.41531,,,,,,,,,,,,,,,,,,,,,,,,,,,,,,,,,,,,,,,,,,,,,,,,,,,,,,,,,,,,,,,,,,,,
Santa Susana alt 1,227,1,0,55,0.0,16.3,27.2,34.32418,-118.495529999999,34.30532,-118.52319,34.30029,-118.54583,34.32041,-118.58105,34.32292,-118.61626,34.33298,-118.63386,34.35059,-118.70806,34.35939,-118.76715,,,,,,,,,,,,,,,,,,,,,,,,,,,,,,,,,,,,,,,,,,,,,,,,,,,,,,,,,,
Santa Ynez (East),79,1,1,70,0.0,13.3,68.4,34.4992,-119.636,34.488,-119.553,34.4888,-119.501,34.4987,-119.435,34.5067,-119.32,34.5293,-119.23,34.5315,-119.164,34.5697,-118.954,34.5839,-118.904,,,,,,,,,,,,,,,,,,,,,,,,,,,,,,,,,,,,,,,,,,,,,,,,,,,,,,,,
Santa Ynez (West),77,1,1,70,0.0,9.2,79.6,34.5126,-120.48339,34.5121,-120.306999999999,34.5147,-120.263,34.5239,-120.208,34.5442,-120.12,34.5618,-120.031,34.5603,-119.977,34.5474,-119.934999999999,34.5533,-119.866999999999,34.5484,-119.805999999999,34.5205,-119.732,34.4992,-119.6355,,,,,,,,,,,,,,,,,,,,,,,,,,,,,,,,,,,,,,,,,,,,,,,,,,
Santa Ynez River,781,1,1,70,0.0,12.0,72.8,34.6554,-120.667,34.6354,-120.549699999999,34.6484,-120.408,34.65,-120.3257,34.6129,-120.238799999999,34.58,-120.1144,34.5817,-120.0249,34.5508,-119.897399999999,,,,,,,,,,,,,,,,,,,,,,,,,,,,,,,,,,,,,,,,,,,,,,,,,,,,,,,,,,
Sargent 2011 CFM,662,1,1,90,0.0,12.0,56.9,37.13935,-121.95018,37.10788,-121.85278,37.08027,-121.77617,37.00954,-121.68031,36.97964,-121.62556,36.91338,-121.52101,36.8707,-121.41184,,,,,,,,,,,,,,,,,,,,,,,,,,,,,,,,,,,,,,,,,,,,,,,,,,,,,,,,,,,,
Scodie Lineament,209,1,1,68,7.0,12.9,14.1,35.768031,-118.004393,35.672058,-118.106126,,,,,,,,,,,,,,,,,,,,,,,,,,,,,,,,,,,,,,,,,,,,,,,,,,,,,,,,,,,,,,,,,,,,,,
Sheephole,885,1,1,90,0.0,13.0,15.1,34.13881,-115.62904,34.23976,-115.73944,,,,,,,,,,,,,,,,,,,,,,,,,,,,,,,,,,,,,,,,,,,,,,,,,,,,,,,,,,,,,,,,,,,,,,
Shoreline,547,1,1,90,0.0,12.0,22.6,35.132,-120.742,35.177,-120.799,35.213,-120.874,35.235,-120.905999999999,35.256,-120.937,,,,,,,,,,,,,,,,,,,,,,,,,,,,,,,,,,,,,,,,,,,,,,,,,,,,,,,,,,,,,,,,
Sierra Madre,114,1,1,53,0.0,14.2,57.0,34.1231,-117.74,34.1219,-117.755,34.1317,-117.769,34.1305,-117.807,34.1323,-117.818,34.1587,-117.86,34.147,-117.881,34.1501,-117.94,34.1611,-117.984999999999,34.1752,-118.003,34.1758,-118.067999999999,34.201,-118.112,34.2028,-118.149,34.210744,-118.189023,34.23489,-118.222677,34.249456,-118.262344,34.258494,-118.279323,34.2751,-118.29,,,,,,,,,,,,,,,,,,,,,,,,,,,,,,,,,,,,,,
Sierra Madre (San Fernando),113,1,1,45,0.0,13.0,19.4,34.2782,-118.2951,34.2729,-118.3278,34.29,-118.411,34.3018,-118.41531,34.284,-118.4889,,,,,,,,,,,,,,,,,,,,,,,,,,,,,,,,,,,,,,,,,,,,,,,,,,,,,,,,,,,,,,,,
Sierra Nevada  (No Extension),210,1,1,50,0.0,13.8,33.8,36.2193,-117.99,36.293311,-118.038889,36.351791,-118.030336,36.408184,-118.031699999999,36.5015,-118.092,,,,,,,,,,,,,,,,,,,,,,,,,,,,,,,,,,,,,,,,,,,,,,,,,,,,,,,,,,,,,,,,
Silver Creek 2011 CFM,664,1,1,75,0.0,11.1,48.3,37.17361,-121.6343,37.21722,-121.70093,37.27167,-121.7505,37.36411,-121.899059999999,37.42088,-121.94148,37.502,-121.962,,,,,,,,,,,,,,,,,,,,,,,,,,,,,,,,,,,,,,,,,,,,,,,,,,,,,,,,,,,,,,
Simi-Santa Rosa,115,1,1,60,1.0,12.1,39.2,34.3038,-118.696,34.2835,-118.758,34.2708,-118.836,34.2523,-118.885,34.2468,-118.951,34.2346,-119,34.2422,-119.043,34.2168,-119.1,,,,,,,,,,,,,,,,,,,,,,,,,,,,,,,,,,,,,,,,,,,,,,,,,,,,,,,,,,
Sisar,202,1,1,29,0.0,17.4,19.9,34.397298,-119.288671,34.427619,-119.128742,34.435385,-119.076635,,,,,,,,,,,,,,,,,,,,,,,,,,,,,,,,,,,,,,,,,,,,,,,,,,,,,,,,,,,,,,,,,,,,
Skinner Flat 2011 CFM,694,1,1,90,0.0,10.0,12.2,40.08853,-120.96811,40.11515,-121.04058,40.15228,-121.08078,,,,,,,,,,,,,,,,,,,,,,,,,,,,,,,,,,,,,,,,,,,,,,,,,,,,,,,,,,,,,,,,,,,,
So Sierra Nevada,63,1,1,50,0.0,13.6,112.5,35.2943,-118.023,35.347,-118.04,35.4261,-118.051,35.5384,-118.034,35.568,-118.004,35.61,-117.909,35.6839,-117.869,35.758284,-117.895976,35.934098,-117.911980999999,35.972588,-117.945936,36.08,-117.984999999999,36.124,-118.009,36.2193,-117.99,,,,,,,,,,,,,,,,,,,,,,,,,,,,,,,,,,,,,,,,,,,,,,,,
South Cuyama,189,1,1,33,0.0,13.9,82.7,35.249,-120.3477,35.1952,-120.231599999999,35.1638,-120.1743,35.1174,-120.105,35.073939,-120.038379999999,35.017466,-119.987159,34.959584,-119.909437,34.93922,-119.869023,34.93345,-119.819804999999,34.918045,-119.747103,34.879835,-119.68108,34.861941,-119.596721,,,,,,,,,,,,,,,,,,,,,,,,,,,,,,,,,,,,,,,,,,,,,,,,,,
South Klamath Lake East,719,1,1,60,0.0,11.0,54.5,42.477,-121.87027,42.34266,-121.785999999999,42.28249,-121.74036,42.08454,-121.65241,42.03508,-121.5957,,,,,,,,,,,,,,,,,,,,,,,,,,,,,,,,,,,,,,,,,,,,,,,,,,,,,,,,,,,,,,,,
South Klamath Lake West,720,1,1,60,0.0,11.0,53.1,42.01857,-121.71837,42.09167,-121.78586,42.12408,-121.82879,42.25936,-121.822299999999,42.32458,-121.89333,42.43793,-121.96332,,,,,,,,,,,,,,,,,,,,,,,,,,,,,,,,,,,,,,,,,,,,,,,,,,,,,,,,,,,,,,
Superstition Hills,98,1,1,90,0.0,12.6,36.2,33.0344,-115.895,33.008187,-115.802388,32.8999,-115.664,32.830261,-115.606214,,,,,,,,,,,,,,,,,,,,,,,,,,,,,,,,,,,,,,,,,,,,,,,,,,,,,,,,,,,,,,,,,,
Surprise Valley 2011 CFM,708,1,1,50,0.0,8.5,86.9,41.16615,-120.03766,41.3162,-120.13631,41.41223,-120.15108,41.50288,-120.1984,41.58297,-120.18162,41.67057,-120.22702,41.71606,-120.202919999999,41.76672,-120.17803,41.90839,-120.16256,,,,,,,,,,,,,,,,,,,,,,,,,,,,,,,,,,,,,,,,,,,,,,,,,,,,,,,,
Swain Ravine - Spenceville,695,1,1,60,0.0,12.0,103.2,38.71749,-120.92989,38.99235,-121.21057,39.06952,-121.26584,39.18731,-121.31983,39.23913,-121.35048,39.3944,-121.43123,39.53171,-121.46338,,,,,,,,,,,,,,,,,,,,,,,,,,,,,,,,,,,,,,,,,,,,,,,,,,,,,,,,,,,,
Table Bluff,15,1,1,45,0.0,13.0,48.9,40.647781,-124.179766,40.696,-124.282,40.698,-124.47499,40.828,-124.679,,,,,,,,,,,,,,,,,,,,,,,,,,,,,,,,,,,,,,,,,,,,,,,,,,,,,,,,,,,,,,,,,,
Tank Canyon,145,1,1,50,0.0,8.3,35.1,35.91796,-117.196,35.86348,-117.25552,35.80467,-117.2524,35.78965,-117.2634,35.75511,-117.2363,35.74856,-117.22935,35.6805,-117.21721,35.64161,-117.25269,,,,,,,,,,,,,,,,,,,,,,,,,,,,,,,,,,,,,,,,,,,,,,,,,,,,,,,,,,
Thirty Mile Bank,174,1,1,24,0.3,9.6,82.2,32.50357,-117.641492,32.564496,-117.676275,32.615938,-117.695715,32.659585,-117.715740999999,32.697461,-117.740295,32.751044,-117.779017,32.792068,-117.816353,32.836543,-117.854668,32.897949,-117.895935,32.960366,-117.955106,33.015033,-118.014735,33.058391,-118.166323,,,,,,,,,,,,,,,,,,,,,,,,,,,,,,,,,,,,,,,,,,,,,,,,,,
Tin Mountain,887,1,1,50,0.0,13.0,36.7,37.02513,-117.45132,36.93062,-117.47617,36.87013,-117.489889999999,36.80141,-117.48476,36.73244,-117.538749999999,36.71052,-117.54048,,,,,,,,,,,,,,,,,,,,,,,,,,,,,,,,,,,,,,,,,,,,,,,,,,,,,,,,,,,,,,
Towne Pass,886,1,1,50,0.0,13.0,46.9,36.59229,-117.11255,36.54908,-117.205939999999,36.488803,-117.20933,36.43412,-117.23674,36.42547,-117.25182,36.39168,-117.26948,36.30408,-117.262079999999,36.25892,-117.222909999999,36.23879,-117.2326,,,,,,,,,,,,,,,,,,,,,,,,,,,,,,,,,,,,,,,,,,,,,,,,,,,,,,,,
Trinidad (alt1),19,1,0,35,0.0,13.0,88.5,40.79,-123.841,40.854265,-123.922142,40.936522,-123.999406,40.982054,-124.028671,41.040406,-124.111715,41.187327,-124.250653,41.244234,-124.318606,41.297,-124.343,41.449,-124.394,,,,,,,,,,,,,,,,,,,,,,,,,,,,,,,,,,,,,,,,,,,,,,,,,,,,,,,,
Ventura-Pitas Point,117,1,1,64,1.0,15.0,59.4,34.411,-119.0089,34.37641,-119.07298,34.28372,-119.18801,34.28342,-119.318849999999,34.3077,-119.413,34.3027,-119.463,34.2974,-119.592999999999,,,,,,,,,,,,,,,,,,,,,,,,,,,,,,,,,,,,,,,,,,,,,,,,,,,,,,,,,,,,
Verdugo,112,1,1,55,0.0,14.5,31.6,34.1187,-118.12975,34.1496,-118.18648,34.15508,-118.22854,34.19714,-118.29071,34.22274,-118.36569,34.25383,-118.40775,34.26115,-118.42055,,,,,,,,,,,,,,,,,,,,,,,,,,,,,,,,,,,,,,,,,,,,,,,,,,,,,,,,,,,,
Walker Spring 2011 CFM,696,1,1,90,0.0,10.0,30.5,40.22883,-121.02111,40.2887,-121.0352,40.33295,-121.06765,40.42177,-121.06688,40.49447,-121.08739,,,,,,,,,,,,,,,,,,,,,,,,,,,,,,,,,,,,,,,,,,,,,,,,,,,,,,,,,,,,,,,,
West Napa 2011 CFM,665,1,1,75,0.0,13.2,43.6,38.50695,-122.48252,38.37192,-122.38096,38.30753,-122.32023,38.21706,-122.282499999999,38.16441,-122.24451,,,,,,,,,,,,,,,,,,,,,,,,,,,,,,,,,,,,,,,,,,,,,,,,,,,,,,,,,,,,,,,,
West Tahoe,321,1,1,50,0.0,13.0,58.9,38.74818,-120.00645,38.815288,-120.022169,38.884706,-120.058666,38.966114,-120.074075999999,38.999561,-120.087863999999,39.098008,-120.105707,39.182572,-120.087863999999,39.210339,-120.104896,39.23432,-120.108951,39.262087,-120.120306,,,,,,,,,,,,,,,,,,,,,,,,,,,,,,,,,,,,,,,,,,,,,,,,,,,,,,
White Mountains,44,1,1,90,0.0,13.0,110.7,37.022093,-118.166262,37.039763,-118.166591,37.068579,-118.187558,37.171883,-118.223668,37.241491,-118.258267999999,37.302489,-118.279221,37.333451,-118.293017,37.378491,-118.305146,37.430143,-118.318108999999,37.484746,-118.330145,37.527544,-118.335700999999,37.575506,-118.348663,37.66848,-118.367181,37.735627,-118.375513999999,37.783909,-118.41131,37.831494,-118.429054,37.869922,-118.413475999999,37.900913,-118.385699,37.942973,-118.345885999999,37.964371,-118.337553,,,,,,,,,,,,,,,,,,,,,,,,,,,,,,,,,,
White Wolf,253,1,1,75,0.0,14.6,63.4,35.0276,-119.006999999999,35.1464,-118.810999999999,35.1776,-118.779,35.2097,-118.735,35.2322,-118.672,35.2673,-118.601999999999,35.3204,-118.538,35.3711,-118.487,35.383905,-118.470829,,,,,,,,,,,,,,,,,,,,,,,,,,,,,,,,,,,,,,,,,,,,,,,,,,,,,,,,
White Wolf (Extension),254,1,1,75,0.0,14.6,45.9,35.383905,-118.470829,35.672,-118.107,,,,,,,,,,,,,,,,,,,,,,,,,,,,,,,,,,,,,,,,,,,,,,,,,,,,,,,,,,,,,,,,,,,,,,
Whittier alt 1,236,1,0,70,0.0,12.4,46.3,33.8289,-117.59,33.8511,-117.636,33.8733,-117.717,33.9074,-117.792,33.9297,-117.852,33.9712,-117.992,33.995,-118.048,,,,,,,,,,,,,,,,,,,,,,,,,,,,,,,,,,,,,,,,,,,,,,,,,,,,,,,,,,,,
Wight Way 2011 CFM,697,1,1,69,0.0,15.9,17.7,38.95284,-122.844929999999,38.91723,-122.96637,38.9356,-123.038,,,,,,,,,,,,,,,,,,,,,,,,,,,,,,,,,,,,,,,,,,,,,,,,,,,,,,,,,,,,,,,,,,,,
Yorba Linda,206,1,1,90,0.0,13.3,17.6,33.858457,-117.88859,33.930896,-117.719217,,,,,,,,,,,,,,,,,,,,,,,,,,,,,,,,,,,,,,,,,,,,,,,,,,,,,,,,,,,,,,,,,,,,,,
Zayante-Vergeles 2011 CFM,715,1,0,30,0.0,11.8,90.5,37.18723,-122.329019999999,37.16908,-122.275119999999,37.16386,-122.21799,37.11188,-122.06613,37.09912,-121.9828,37.03836,-121.88691,36.95468,-121.788329999999,36.92647,-121.74411,36.87895,-121.68084,36.83695,-121.63076,36.80911,-121.56312,36.79985,-121.46917,,,,,,,,,,,,,,,,,,,,,,,,,,,,,,,,,,,,,,,,,,,,,,,,,,
Anacapa-Dume alt 2,222,0,1,41,1.2,11.4,64.8,34.0202,-118.552,33.991923,-118.649256,33.9731,-118.743,33.9581,-118.819,33.9474,-118.935,33.9698,-119.02,33.9748,-119.145,33.9388,-119.228,,,,,,,,,,,,,,,,,,,,,,,,,,,,,,,,,,,,,,,,,,,,,,,,,,,,,,,,,,
Brawley (Seismic Zone) alt 2,171,0,1,90,0.0,13.2,61.0,33.345023,-115.705973,32.957356,-115.479833,32.910679,-115.476202,32.840735,-115.486966,,,,,,,,,,,,,,,,,,,,,,,,,,,,,,,,,,,,,,,,,,,,,,,,,,,,,,,,,,,,,,,,,,
Chino alt 2,239,0,1,65,0.0,13.4,28.7,34.033201,-117.74547,33.97237,-117.710275,33.885689,-117.62862,33.824237,-117.565759,,,,,,,,,,,,,,,,,,,,,,,,,,,,,,,,,,,,,,,,,,,,,,,,,,,,,,,,,,,,,,,,,,
Contra Costa (Briones) 2011 CFM,624,0,1,90,0.0,12.9,9.1,37.91952,-122.16307,38.00031,-122.17658,,,,,,,,,,,,,,,,,,,,,,,,,,,,,,,,,,,,,,,,,,,,,,,,,,,,,,,,,,,,,,,,,,,,,,
Contra Costa (Dillon Point) 2011 CFM,625,0,1,90,0.0,12.5,11.1,38.00861,-122.18521,38.10709,-122.2031,,,,,,,,,,,,,,,,,,,,,,,,,,,,,,,,,,,,,,,,,,,,,,,,,,,,,,,,,,,,,,,,,,,,,,
Contra Costa (Lake Chabot) 2011 CFM,627,0,1,90,0.0,11.1,4.0,38.11694,-122.20864,38.14736,-122.2339,,,,,,,,,,,,,,,,,,,,,,,,,,,,,,,,,,,,,,,,,,,,,,,,,,,,,,,,,,,,,,,,,,,,,,
Contra Costa (Larkey) 2011 CFM,628,0,1,90,0.0,15.0,7.8,37.86113,-122.056069999999,37.92914,-122.07616,,,,,,,,,,,,,,,,,,,,,,,,,,,,,,,,,,,,,,,,,,,,,,,,,,,,,,,,,,,,,,,,,,,,,,
Contra Costa (Ozal - Columbus) 2011 CFM,629,0,1,90,0.0,13.2,9.0,38.02268,-122.16911,38.09978,-122.20059,,,,,,,,,,,,,,,,,,,,,,,,,,,,,,,,,,,,,,,,,,,,,,,,,,,,,,,,,,,,,,,,,,,,,,
Contra Costa (Reliez Valley) 2011 CFM,630,0,1,90,0.0,14.7,5.6,37.93103,-122.11791,37.88491,-122.091429999999,,,,,,,,,,,,,,,,,,,,,,,,,,,,,,,,,,,,,,,,,,,,,,,,,,,,,,,,,,,,,,,,,,,,,,
Contra Costa (Southampton) 2011 CFM,631,0,1,80,0.0,14.0,11.5,38.02224,-122.168109999999,37.94192,-122.08634,,,,,,,,,,,,,,,,,,,,,,,,,,,,,,,,,,,,,,,,,,,,,,,,,,,,,,,,,,,,,,,,,,,,,,
Contra Costa (Vallejo) 2011 CFM,632,0,1,77,0.0,11.0,3.8,38.12536,-122.24962,38.10945,-122.21121,,,,,,,,,,,,,,,,,,,,,,,,,,,,,,,,,,,,,,,,,,,,,,,,,,,,,,,,,,,,,,,,,,,,,,
Coronado Bank alt2,121,0,1,90,0.0,8.6,178.5,33.22678,-117.85949,33.2066,-117.838,33.0732,-117.742,33.0269,-117.687,32.952,-117.616,32.9251,-117.574,32.8655,-117.52,32.8085,-117.507,32.7524,-117.466999999999,32.7235,-117.433,32.6786,-117.413,32.6238,-117.344,32.594,-117.315,32.5519,-117.298,32.4949,-117.266,31.89,-116.84,,,,,,,,,,,,,,,,,,,,,,,,,,,,,,,,,,,,,,,,,,
Great Valley 05 Pittsburg Kirby Hills alt2,135,0,1,90,10.0,20.0,31.9,38.284082,-121.975665,38.016075,-121.84478,,,,,,,,,,,,,,,,,,,,,,,,,,,,,,,,,,,,,,,,,,,,,,,,,,,,,,,,,,,,,,,,,,,,,,
Great Valley 06 Midland alt2,382,0,1,30,2.0,16.0,33.4,38.165562,-121.654773,37.994797,-121.646706,37.865888,-121.636696,,,,,,,,,,,,,,,,,,,,,,,,,,,,,,,,,,,,,,,,,,,,,,,,,,,,,,,,,,,,,,,,,,,,
Holser alt 2,229,0,1,58,0.0,18.5,17.1,34.43862,-118.75333,34.44993,-118.6741,34.433655,-118.569355,,,,,,,,,,,,,,,,,,,,,,,,,,,,,,,,,,,,,,,,,,,,,,,,,,,,,,,,,,,,,,,,,,,,
Mad River - Trinidad fault zone (alt2),546,0,1,35,0.0,13.0,89.9,40.747027,-123.924553,40.808491,-123.959042,40.837182,-123.996325,40.899533,-124.069619999999,40.933175,-124.111699,40.98371,-124.148737999999,41.032106,-124.233198,41.244234,-124.318606,41.297,-124.343,41.449,-124.394,,,,,,,,,,,,,,,,,,,,,,,,,,,,,,,,,,,,,,,,,,,,,,,,,,,,,,
Malibu Coast (Extension) alt 2,224,0,1,74,0.0,16.6,34.6,34.048162,-118.932988,34.05267,-118.994236,34.059373,-119.086117,34.066007,-119.178008,34.070392,-119.239274999999,34.067542,-119.307624,,,,,,,,,,,,,,,,,,,,,,,,,,,,,,,,,,,,,,,,,,,,,,,,,,,,,,,,,,,,,,
Malibu Coast alt 2,223,0,1,74,0.0,16.6,37.8,34.0287,-118.525,34.0374,-118.62,34.0392,-118.679999999999,34.0323,-118.727,34.033,-118.797999999999,34.0464,-118.933,,,,,,,,,,,,,,,,,,,,,,,,,,,,,,,,,,,,,,,,,,,,,,,,,,,,,,,,,,,,,,
Mount Diablo Thrust,2,0,1,38,8.0,16.0,25.0,37.7301,-121.822899999999,37.8771,-122.0388,,,,,,,,,,,,,,,,,,,,,,,,,,,,,,,,,,,,,,,,,,,,,,,,,,,,,,,,,,,,,,,,,,,,,,
Newport-Inglewood alt 2,234,0,1,90,0.0,15.1,65.7,33.605993,-117.924673,33.677996,-117.994912,33.695432,-118.032638,33.751214,-118.09271,33.820409,-118.195121,33.850256,-118.215707,33.87152,-118.247908999999,33.913183,-118.281094,33.956628,-118.331503999999,34.043309,-118.389551,,,,,,,,,,,,,,,,,,,,,,,,,,,,,,,,,,,,,,,,,,,,,,,,,,,,,,
North Channel,216,0,1,26,1.1,4.5,50.7,34.318778,-119.425081999999,34.301296,-119.47553,34.29743,-119.509731,34.300243,-119.559276999999,34.298087,-119.604734,34.294043,-119.643678,34.31109,-119.717206,34.333581,-119.788528,34.353726,-119.909466,34.39139,-119.934633,,,,,,,,,,,,,,,,,,,,,,,,,,,,,,,,,,,,,,,,,,,,,,,,,,,,,,
Oak Ridge (Offshore),218,0,1,32,0.0,7.9,38.0,34.2523,-119.678,34.2614,-119.606,34.2504,-119.515,34.2338,-119.432,34.2315,-119.350999999999,34.2515,-119.273,,,,,,,,,,,,,,,,,,,,,,,,,,,,,,,,,,,,,,,,,,,,,,,,,,,,,,,,,,,,,,
Oak Ridge (Offshore) west extension,203,0,1,67,0.0,3.1,28.1,34.316016,-119.964392,34.311974,-119.865296,34.294236,-119.792424,34.261655,-119.744260999999,34.252333,-119.67665,,,,,,,,,,,,,,,,,,,,,,,,,,,,,,,,,,,,,,,,,,,,,,,,,,,,,,,,,,,,,,,,
Oceanside alt2,175,0,1,23,1.0,8.3,120.1,32.554003,-117.374384,32.636234,-117.414802,32.688692,-117.49389,32.733039,-117.50616,32.780928,-117.53812,32.809597,-117.566116,32.904006,-117.624093999999,32.977987,-117.597567,33.05492,-117.614522,33.072443,-117.652547,33.15778,-117.680146,33.217531,-117.710423,33.244328,-117.74727,33.332407,-117.746213,33.411311,-117.784344,33.472328,-117.815626,33.509265,-117.819639,,,,,,,,,,,,,,,,,,,,,,,,,,,,,,,,,,,,,,,,
Pitas Point (Upper),217,0,1,42,1.4,10.0,35.0,34.291888,-119.589506,34.302431,-119.688413,34.31109,-119.717206,34.316721,-119.744723,34.334536,-119.839374,34.343394,-119.901058,34.369389,-119.954815,,,,,,,,,,,,,,,,,,,,,,,,,,,,,,,,,,,,,,,,,,,,,,,,,,,,,,,,,,,,
Puente Hills (Coyote Hills),243,0,1,26,2.8,14.6,17.4,33.897733,-117.867313,33.871455,-117.92065,33.874065,-117.966422,33.892804,-118.043520999999,,,,,,,,,,,,,,,,,,,,,,,,,,,,,,,,,,,,,,,,,,,,,,,,,,,,,,,,,,,,,,,,,,
Puente Hills (LA),241,0,1,27,2.1,15.0,21.9,33.968959,-118.125953,33.957921,-118.20062,34.032639,-118.334955,,,,,,,,,,,,,,,,,,,,,,,,,,,,,,,,,,,,,,,,,,,,,,,,,,,,,,,,,,,,,,,,,,,,
Puente Hills (Santa Fe Springs),242,0,1,29,2.8,15.0,11.5,33.931065,-118.017825,33.91569,-118.078983,33.907098,-118.13831,,,,,,,,,,,,,,,,,,,,,,,,,,,,,,,,,,,,,,,,,,,,,,,,,,,,,,,,,,,,,,,,,,,,
Redondo Canyon alt 2,233,0,1,80,0.5,12.9,24.7,33.821839,-118.655473999999,33.809398,-118.600535,33.795762,-118.543628,33.800687,-118.477647,33.795289,-118.393472,,,,,,,,,,,,,,,,,,,,,,,,,,,,,,,,,,,,,,,,,,,,,,,,,,,,,,,,,,,,,,,,
San Diego Trough north alt2,179,0,1,90,0.0,8.3,116.9,32.399747,-117.414848,32.486867,-117.466118,32.602008,-117.543699,32.683077,-117.603517,32.733881,-117.629909999999,32.828497,-117.698328,32.933263,-117.76869,32.973511,-117.826749,33.001529,-117.85506,33.031749,-117.887957,33.112414,-117.957604,33.164297,-118.022185,33.189477,-118.092145,33.200979,-118.16363,,,,,,,,,,,,,,,,,,,,,,,,,,,,,,,,,,,,,,,,,,,,,,
San Luis Bay 2011 CFM,710,0,1,90,0.0,10.0,16.2,35.17122,-120.714,35.17522,-120.79901,35.19322,-120.889009999999,,,,,,,,,,,,,,,,,,,,,,,,,,,,,,,,,,,,,,,,,,,,,,,,,,,,,,,,,,,,,,,,,,,,
San Luis Range (So Margin),75,0,1,45,0.0,12.0,115.0,34.56095,-119.82984,34.65718,-119.87916,34.69811,-120.00004,34.77388,-120.09032,34.84968,-120.23746,34.86439,-120.26933,34.91098,-120.30979,34.97596,-120.41399,35.10837,-120.56358,35.14148,-120.644489999999,35.16845,-120.71314,35.18193,-120.78795,,,,,,,,,,,,,,,,,,,,,,,,,,,,,,,,,,,,,,,,,,,,,,,,,,
Santa Cruz Catalina Ridge alt2,180,0,1,90,0.0,11.0,137.1,33.247203,-118.339735,33.299244,-118.51524,33.357821,-118.645069999999,33.413744,-118.734509,33.497788,-118.797007,33.526389,-118.847378,33.561757,-118.857353,33.650496,-119.008808,33.683817,-119.048369,33.713975,-119.091579999999,33.745692,-119.133012,33.789249,-119.202511,33.841921,-119.277873,33.891278,-119.362494,33.9851,-119.487484,,,,,,,,,,,,,,,,,,,,,,,,,,,,,,,,,,,,,,,,,,,,
Santa Monica alt 2,225,0,1,50,0.0,11.6,28.0,34.1093,-118.284,34.0724,-118.389,34.0503,-118.434,34.033,-118.457999999999,34.0419,-118.467,34.0364,-118.498,34.0302,-118.541,34.0202,-118.552,,,,,,,,,,,,,,,,,,,,,,,,,,,,,,,,,,,,,,,,,,,,,,,,,,,,,,,,,,
Santa Susana alt 2,231,0,1,53,0.0,10.6,43.3,34.314164,-118.34647,34.329683,-118.402674,34.328447,-118.489095999999,34.302198,-118.54679,34.310247,-118.611582,34.355255,-118.680826,34.343765,-118.73348,34.37235,-118.771375,,,,,,,,,,,,,,,,,,,,,,,,,,,,,,,,,,,,,,,,,,,,,,,,,,,,,,,,,,
Whittier alt 2,237,0,1,75,0.0,14.1,46.3,33.8289,-117.59,33.8511,-117.636,33.8733,-117.717,33.9074,-117.792,33.9297,-117.852,33.9712,-117.992,33.995,-118.048,,,,,,,,,,,,,,,,,,,,,,,,,,,,,,,,,,,,,,,,,,,,,,,,,,,,,,,,,,,,
Zayante-Vergeles,53,0,1,90,0.0,12.0,57.9,36.79268,-121.46381,36.81287,-121.60956,36.93775,-121.74194,37.08872,-121.9734,,,,,,,,,,,,,,,,,,,,,,,,,,,,,,,,,,,,,,,,,,,,,,,,,,,,,,,,,,,,,,,,,,
